MATR√çCULA;agr_SINDICATO
10438;SINDEEPRES
10515;SINDEEPRES
10479;SINDEEPRES
10393;SINDEEPRES
11879;SINDEEPRES
10027;SINDEEPRES
10137;SINDEEPRES
10107;SINDEEPRES
10099;SINDEEPRES
10182;SINDEEPRES
10214;SINDEEPRES
106122;SINDEEPRES
10257;SINDEEPRES
10298;SINDEEPRES
10310;SINDEEPRES
10339;SINDEEPRES
10361;SINDEEPRES
10370;SINDEEPRES
102767;SINDEEPRES
10686;SINDEEPRES
10693;SINDEEPRES
10880;SINDEEPRES
10910;SINDEEPRES
10994;SINDEEPRES
11035;SINDEEPRES
11148;SINDEEPRES
11202;SINDEEPRES
11473;SINDEEPRES
11713;SINDEEPRES
30007;SINDEEPRES
11901;SINDEEPRES
11904;SINDEEPRES
11923;SINDEEPRES
101865;SINDEEPRES
90215;SINDEEPRES
100861;SINDEEPRES
12149;SINDEEPRES
12225;SINDEEPRES
12230;SINDEEPRES
12246;SINDEEPRES
103456;SINDEEPRES
12265;SINDEEPRES
101613;SINDEEPRES
101556;SINDEEPRES
101598;SINDEEPRES
102015;SINDEEPRES
102233;SINDEEPRES
102706;SINDEEPRES
103007;SINDEEPRES
103063;SINDEEPRES
103667;SINDEEPRES
103718;SINDEEPRES
103732;SINDEEPRES
103895;SINDEEPRES
104005;SINDEEPRES
104132;SINDEEPRES
105276;SINDEEPRES
104178;SINDEEPRES
104489;SINDEEPRES
104507;SINDEEPRES
104631;SINDEEPRES
105275;SINDEEPRES
105321;SINDEEPRES
105396;SINDEEPRES
105449;SINDEEPRES
105461;SINDEEPRES
206344;SINDEEPRES
105664;SINDEEPRES
105925;SINDEEPRES
106113;SINDEEPRES
106178;SINDEEPRES
206944;SINDEEPRES
207277;SINDEEPRES
207668;SINDEEPRES
207877;SINDEEPRES
208125;SINDEEPRES
208153;SINDEEPRES
208423;SINDEEPRES
208478;SINDEEPRES
208705;SINDEEPRES
208707;SINDEEPRES
208709;SINDEEPRES
208791;SINDEEPRES
209267;SINDEEPRES
209274;SINDEEPRES
209307;SINDEEPRES
209454;SINDEEPRES
209564;SINDEEPRES
209517;SINDEEPRES
209542;SINDEEPRES
209648;SINDEEPRES
209748;SINDEEPRES
209905;SINDEEPRES
209948;SINDEEPRES
210156;SINDEEPRES
210188;SINDEEPRES
210286;SINDEEPRES
210562;SINDEEPRES
211041;SINDEEPRES
211071;SINDEEPRES
211081;SINDEEPRES
211281;SINDEEPRES
211320;SINDEEPRES
211449;SINDEEPRES
211507;SINDEEPRES
211684;SINDEEPRES
212043;SINDEEPRES
212082;SINDEEPRES
212383;SINDEEPRES
212636;SINDEEPRES
213258;SINDEEPRES
213331;SINDEEPRES
213303;SINDEEPRES
213963;SINDEEPRES
214458;SINDEEPRES
214503;SINDEEPRES
214527;SINDEEPRES
214725;SINDEEPRES
214721;SINDEEPRES
214842;SINDEEPRES
214926;SINDEEPRES
214918;SINDEEPRES
215353;SINDEEPRES
215483;SINDEEPRES
215504;SINDEEPRES
215531;SINDEEPRES
215968;SINDEEPRES
216136;SINDEEPRES
216162;SINDEEPRES
216219;SINDEEPRES
216341;SINDEEPRES
216447;SINDEEPRES
216482;SINDEEPRES
216569;SINDEEPRES
216617;SINDEEPRES
216720;SINDEEPRES
216746;SINDEEPRES
216833;SINDEEPRES
216970;SINDEEPRES
217257;SINDEEPRES
217275;SINDEEPRES
217168;SINDEEPRES
217479;SINDEEPRES
217544;SINDEEPRES
217598;SINDEEPRES
217627;SINDEEPRES
217746;SINDEEPRES
217776;SINDEEPRES
217742;SINDEEPRES
217743;SINDEEPRES
218011;SINDEEPRES
218402;SINDEEPRES
218469;SINDEEPRES
218483;SINDEEPRES
218626;SINDEEPRES
218874;SINDEEPRES
218993;SINDEEPRES
218996;SINDEEPRES
219124;SINDEEPRES
219315;SINDEEPRES
219337;SINDEEPRES
219462;SINDEEPRES
219627;SINDEEPRES
219672;SINDEEPRES
219670;SINDEEPRES
219704;SINDEEPRES
219751;SINDEEPRES
219946;SINDEEPRES
219963;SINDEEPRES
219997;SINDEEPRES
220021;SINDEEPRES
220055;SINDEEPRES
220063;SINDEEPRES
220228;SINDEEPRES
220253;SINDEEPRES
220337;SINDEEPRES
220352;SINDEEPRES
220364;SINDEEPRES
220639;SINDEEPRES
220672;SINDEEPRES
220685;SINDEEPRES
220786;SINDEEPRES
220800;SINDEEPRES
220894;SINDEEPRES
221025;SINDEEPRES
221173;SINDEEPRES
221208;SINDEEPRES
221233;SINDEEPRES
221213;SINDEEPRES
221252;SINDEEPRES
221273;SINDEEPRES
221393;SINDEEPRES
221450;SINDEEPRES
221466;SINDEEPRES
221496;SINDEEPRES
221540;SINDEEPRES
221663;SINDEEPRES
221704;SINDEEPRES
221708;SINDEEPRES
221709;SINDEEPRES
221733;SINDEEPRES
221803;SINDEEPRES
221807;SINDEEPRES
222029;SINDEEPRES
222043;SINDEEPRES
222064;SINDEEPRES
222105;SINDEEPRES
222149;SINDEEPRES
222156;SINDEEPRES
222157;SINDEEPRES
222163;SINDEEPRES
222165;SINDEEPRES
222170;SINDEEPRES
222208;SINDEEPRES
222226;SINDEEPRES
222241;SINDEEPRES
222266;SINDEEPRES
222279;SINDEEPRES
222282;SINDEEPRES
222318;SINDEEPRES
222353;SINDEEPRES
222359;SINDEEPRES
222360;SINDEEPRES
222421;SINDEEPRES
222442;SINDEEPRES
222446;SINDEEPRES
222538;SINDEEPRES
222562;SINDEEPRES
222658;SINDEEPRES
222677;SINDEEPRES
222762;SINDEEPRES
222750;SINDEEPRES
222841;SINDEEPRES
222890;SINDEEPRES
222966;SINDEEPRES
223123;SINDEEPRES
223127;SINDEEPRES
223179;SINDEEPRES
223192;SINDEEPRES
223190;SINDEEPRES
223225;SINDEEPRES
223231;SINDEEPRES
223254;SINDEEPRES
223291;SINDEEPRES
223341;SINDEEPRES
223309;SINDEEPRES
223531;SINDEEPRES
223644;SINDEEPRES
223662;SINDEEPRES
223783;SINDEEPRES
223909;SINDEEPRES
223975;SINDEEPRES
223936;SINDEEPRES
223937;SINDEEPRES
223938;SINDEEPRES
223942;SINDEEPRES
223949;SINDEEPRES
223951;SINDEEPRES
223952;SINDEEPRES
223956;SINDEEPRES
223960;SINDEEPRES
223986;SINDEEPRES
223964;SINDEEPRES
223979;SINDEEPRES
223984;SINDEEPRES
224000;SINDEEPRES
224019;SINDEEPRES
224042;SINDEEPRES
224050;SINDEEPRES
224156;SINDEEPRES
224216;SINDEEPRES
224217;SINDEEPRES
224220;SINDEEPRES
224313;SINDEEPRES
224337;SINDEEPRES
224411;SINDEEPRES
224474;SINDEEPRES
224485;SINDEEPRES
224654;SINDEEPRES
224678;SINDEEPRES
224682;SINDEEPRES
224691;SINDEEPRES
224754;SINDEEPRES
224891;SINDEEPRES
224877;SINDEEPRES
224914;SINDEEPRES
224962;SINDEEPRES
225010;SINDEEPRES
225068;SINDEEPRES
225173;SINDEEPRES
225165;SINDEEPRES
225242;SINDEEPRES
225298;SINDEEPRES
225303;SINDEEPRES
225317;SINDEEPRES
225331;SINDEEPRES
225637;SINDEEPRES
225647;SINDEEPRES
225652;SINDEEPRES
225731;SINDEEPRES
225759;SINDEEPRES
225774;SINDEEPRES
225779;SINDEEPRES
225787;SINDEEPRES
225821;SINDEEPRES
225897;SINDEEPRES
225906;SINDEEPRES
225910;SINDEEPRES
225913;SINDEEPRES
225929;SINDEEPRES
225961;SINDEEPRES
226005;SINDEEPRES
226041;SINDEEPRES
226044;SINDEEPRES
226114;SINDEEPRES
226261;SINDEEPRES
226262;SINDEEPRES
226266;SINDEEPRES
226270;SINDEEPRES
226273;SINDEEPRES
226301;SINDEEPRES
226306;SINDEEPRES
226356;SINDEEPRES
226382;SINDEEPRES
226384;SINDEEPRES
226476;SINDEEPRES
226503;SINDEEPRES
226532;SINDEEPRES
226564;SINDEEPRES
226581;SINDEEPRES
226583;SINDEEPRES
226584;SINDEEPRES
226625;SINDEEPRES
226628;SINDEEPRES
226633;SINDEEPRES
226641;SINDEEPRES
226660;SINDEEPRES
226669;SINDEEPRES
226670;SINDEEPRES
226690;SINDEEPRES
226692;SINDEEPRES
226695;SINDEEPRES
226712;SINDEEPRES
226721;SINDEEPRES
226770;SINDEEPRES
226783;SINDEEPRES
226824;SINDEEPRES
226830;SINDEEPRES
226876;SINDEEPRES
226880;SINDEEPRES
226882;SINDEEPRES
226883;SINDEEPRES
226890;SINDEEPRES
226891;SINDEEPRES
226892;SINDEEPRES
226898;SINDEEPRES
226901;SINDEEPRES
226903;SINDEEPRES
226906;SINDEEPRES
226925;SINDEEPRES
226927;SINDEEPRES
226950;SINDEEPRES
226949;SINDEEPRES
226992;SINDEEPRES
227004;SINDEEPRES
227026;SINDEEPRES
227080;SINDEEPRES
227101;SINDEEPRES
227120;SINDEEPRES
227138;SINDEEPRES
227145;SINDEEPRES
227227;SINDEEPRES
227235;SINDEEPRES
227246;SINDEEPRES
227306;SINDEEPRES
227354;SINDEEPRES
227521;SINDEEPRES
227522;SINDEEPRES
227523;SINDEEPRES
227524;SINDEEPRES
227538;SINDEEPRES
227550;SINDEEPRES
227657;SINDEEPRES
227674;SINDEEPRES
227709;SINDEEPRES
227762;SINDEEPRES
227773;SINDEEPRES
227775;SINDEEPRES
227776;SINDEEPRES
227777;SINDEEPRES
227783;SINDEEPRES
227778;SINDEEPRES
227842;SINDEEPRES
228041;SINDEEPRES
227859;SINDEEPRES
228046;SINDEEPRES
228134;SINDEEPRES
228248;SINDEEPRES
228493;SINDEEPRES
228511;SINDEEPRES
228519;SINDEEPRES
228521;SINDEEPRES
228522;SINDEEPRES
228558;SINDEEPRES
228569;SINDEEPRES
228590;SINDEEPRES
228595;SINDEEPRES
228598;SINDEEPRES
228599;SINDEEPRES
228615;SINDEEPRES
228610;SINDEEPRES
228614;SINDEEPRES
228660;SINDEEPRES
228677;SINDEEPRES
228728;SINDEEPRES
228768;SINDEEPRES
228770;SINDEEPRES
228794;SINDEEPRES
228798;SINDEEPRES
228810;SINDEEPRES
228811;SINDEEPRES
228847;SINDEEPRES
228848;SINDEEPRES
228878;SINDEEPRES
228886;SINDEEPRES
228888;SINDEEPRES
228891;SINDEEPRES
228893;SINDEEPRES
228922;SINDEEPRES
228999;SINDEEPRES
229001;SINDEEPRES
229004;SINDEEPRES
229096;SINDEEPRES
229098;SINDEEPRES
229114;SINDEEPRES
229154;SINDEEPRES
229387;SINDEEPRES
229414;SINDEEPRES
229431;SINDEEPRES
229481;SINDEEPRES
229488;SINDEEPRES
229544;SINDEEPRES
229601;SINDEEPRES
229711;SINDEEPRES
229733;SINDEEPRES
229751;SINDEEPRES
229757;SINDEEPRES
229761;SINDEEPRES
229764;SINDEEPRES
229765;SINDEEPRES
229791;SINDEEPRES
229795;SINDEEPRES
229798;SINDEEPRES
229803;SINDEEPRES
229875;SINDEEPRES
229884;SINDEEPRES
229887;SINDEEPRES
229902;SINDEEPRES
229913;SINDEEPRES
229971;SINDEEPRES
229962;SINDEEPRES
229978;SINDEEPRES
229981;SINDEEPRES
230007;SINDEEPRES
230016;SINDEEPRES
230008;SINDEEPRES
230037;SINDEEPRES
230093;SINDEEPRES
230153;SINDEEPRES
230159;SINDEEPRES
230176;SINDEEPRES
230177;SINDEEPRES
230194;SINDEEPRES
230187;SINDEEPRES
230188;SINDEEPRES
230189;SINDEEPRES
230206;SINDEEPRES
230230;SINDEEPRES
230233;SINDEEPRES
230246;SINDEEPRES
230250;SINDEEPRES
230280;SINDEEPRES
230281;SINDEEPRES
230283;SINDEEPRES
230286;SINDEEPRES
230288;SINDEEPRES
230278;SINDEEPRES
230297;SINDEEPRES
230316;SINDEEPRES
230338;SINDEEPRES
230346;SINDEEPRES
230359;SINDEEPRES
230379;SINDEEPRES
230391;SINDEEPRES
230403;SINDEEPRES
230423;SINDEEPRES
230442;SINDEEPRES
230443;SINDEEPRES
230445;SINDEEPRES
230446;SINDEEPRES
230447;SINDEEPRES
230450;SINDEEPRES
230427;SINDEEPRES
230431;SINDEEPRES
230458;SINDEEPRES
230461;SINDEEPRES
230464;SINDEEPRES
230466;SINDEEPRES
230468;SINDEEPRES
230483;SINDEEPRES
230521;SINDEEPRES
230579;SINDEEPRES
230589;SINDEEPRES
230599;SINDEEPRES
230613;SINDEEPRES
230620;SINDEEPRES
230648;SINDEEPRES
230649;SINDEEPRES
230657;SINDEEPRES
230681;SINDEEPRES
230682;SINDEEPRES
230653;SINDEEPRES
230709;SINDEEPRES
230726;SINDEEPRES
230728;SINDEEPRES
230719;SINDEEPRES
230771;SINDEEPRES
230824;SINDEEPRES
230825;SINDEEPRES
230836;SINDEEPRES
230897;SINDEEPRES
230905;SINDEEPRES
230923;SINDEEPRES
230930;SINDEEPRES
230936;SINDEEPRES
230938;SINDEEPRES
230981;SINDEEPRES
230987;SINDEEPRES
230989;SINDEEPRES
230990;SINDEEPRES
231024;SINDEEPRES
231045;SINDEEPRES
231050;SINDEEPRES
231051;SINDEEPRES
231060;SINDEEPRES
231069;SINDEEPRES
231082;SINDEEPRES
231102;SINDEEPRES
231119;SINDEEPRES
231135;SINDEEPRES
231143;SINDEEPRES
231174;SINDEEPRES
231224;SINDEEPRES
231226;SINDEEPRES
231236;SINDEEPRES
231263;SINDEEPRES
231273;SINDEEPRES
231283;SINDEEPRES
231312;SINDEEPRES
231313;SINDEEPRES
231349;SINDEEPRES
231334;SINDEEPRES
231341;SINDEEPRES
231342;SINDEEPRES
231343;SINDEEPRES
231352;SINDEEPRES
231362;SINDEEPRES
231374;SINDEEPRES
231389;SINDEEPRES
231391;SINDEEPRES
231418;SINDEEPRES
231420;SINDEEPRES
231429;SINDEEPRES
231439;SINDEEPRES
231459;SINDEEPRES
231494;SINDEEPRES
231508;SINDEEPRES
231509;SINDEEPRES
231510;SINDEEPRES
231513;SINDEEPRES
231540;SINDEEPRES
231541;SINDEEPRES
231542;SINDEEPRES
231543;SINDEEPRES
231545;SINDEEPRES
231549;SINDEEPRES
231566;SINDEEPRES
231639;SINDEEPRES
231599;SINDEEPRES
231600;SINDEEPRES
231607;SINDEEPRES
231632;SINDEEPRES
231634;SINDEEPRES
231636;SINDEEPRES
231637;SINDEEPRES
231662;SINDEEPRES
231679;SINDEEPRES
231698;SINDEEPRES
231699;SINDEEPRES
231726;SINDEEPRES
231761;SINDEEPRES
231762;SINDEEPRES
231766;SINDEEPRES
231771;SINDEEPRES
231773;SINDEEPRES
231774;SINDEEPRES
231848;SINDEEPRES
231849;SINDEEPRES
231850;SINDEEPRES
231865;SINDEEPRES
231868;SINDEEPRES
231875;SINDEEPRES
231876;SINDEEPRES
231880;SINDEEPRES
231882;SINDEEPRES
231885;SINDEEPRES
231886;SINDEEPRES
231887;SINDEEPRES
231888;SINDEEPRES
231890;SINDEEPRES
231963;SINDEEPRES
231898;SINDEEPRES
231905;SINDEEPRES
231907;SINDEEPRES
231908;SINDEEPRES
231911;SINDEEPRES
231913;SINDEEPRES
231914;SINDEEPRES
231915;SINDEEPRES
231916;SINDEEPRES
231918;SINDEEPRES
231921;SINDEEPRES
231922;SINDEEPRES
231923;SINDEEPRES
231924;SINDEEPRES
231926;SINDEEPRES
231928;SINDEEPRES
231929;SINDEEPRES
231935;SINDEEPRES
231944;SINDEEPRES
231979;SINDEEPRES
232006;SINDEEPRES
232093;SINDEEPRES
232095;SINDEEPRES
232103;SINDEEPRES
232140;SINDEEPRES
232143;SINDEEPRES
232151;SINDEEPRES
232154;SINDEEPRES
232159;SINDEEPRES
232183;SINDEEPRES
232218;SINDEEPRES
232248;SINDEEPRES
232253;SINDEEPRES
232298;SINDEEPRES
232306;SINDEEPRES
232347;SINDEEPRES
232344;SINDEEPRES
232361;SINDEEPRES
232368;SINDEEPRES
232375;SINDEEPRES
232376;SINDEEPRES
232379;SINDEEPRES
232382;SINDEEPRES
232385;SINDEEPRES
232425;SINDEEPRES
232429;SINDEEPRES
232433;SINDEEPRES
232435;SINDEEPRES
232470;SINDEEPRES
232468;SINDEEPRES
232488;SINDEEPRES
232490;SINDEEPRES
232516;SINDEEPRES
232519;SINDEEPRES
232510;SINDEEPRES
232512;SINDEEPRES
232526;SINDEEPRES
232538;SINDEEPRES
232550;SINDEEPRES
232556;SINDEEPRES
232562;SINDEEPRES
232592;SINDEEPRES
232596;SINDEEPRES
232602;SINDEEPRES
232611;SINDEEPRES
232619;SINDEEPRES
232620;SINDEEPRES
232622;SINDEEPRES
232634;SINDEEPRES
232635;SINDEEPRES
232640;SINDEEPRES
232649;SINDEEPRES
232656;SINDEEPRES
232684;SINDEEPRES
232694;SINDEEPRES
232675;SINDEEPRES
232693;SINDEEPRES
232695;SINDEEPRES
232697;SINDEEPRES
232724;SINDEEPRES
232726;SINDEEPRES
232740;SINDEEPRES
232746;SINDEEPRES
232747;SINDEEPRES
232748;SINDEEPRES
232751;SINDEEPRES
232762;SINDEEPRES
232781;SINDEEPRES
232785;SINDEEPRES
232791;SINDEEPRES
232787;SINDEEPRES
232801;SINDEEPRES
232802;SINDEEPRES
232874;SINDEEPRES
232890;SINDEEPRES
232891;SINDEEPRES
232934;SINDEEPRES
232942;SINDEEPRES
232946;SINDEEPRES
232947;SINDEEPRES
232949;SINDEEPRES
232953;SINDEEPRES
232966;SINDEEPRES
232971;SINDEEPRES
232994;SINDEEPRES
233003;SINDEEPRES
233004;SINDEEPRES
233006;SINDEEPRES
233015;SINDEEPRES
233019;SINDEEPRES
233036;SINDEEPRES
233038;SINDEEPRES
233055;SINDEEPRES
233056;SINDEEPRES
233063;SINDEEPRES
233081;SINDEEPRES
233103;SINDEEPRES
233109;SINDEEPRES
233116;SINDEEPRES
233117;SINDEEPRES
233118;SINDEEPRES
233123;SINDEEPRES
233145;SINDEEPRES
233146;SINDEEPRES
233148;SINDEEPRES
233150;SINDEEPRES
233175;SINDEEPRES
233177;SINDEEPRES
233180;SINDEEPRES
233188;SINDEEPRES
233189;SINDEEPRES
233208;SINDEEPRES
233224;SINDEEPRES
233229;SINDEEPRES
233235;SINDEEPRES
233238;SINDEEPRES
233240;SINDEEPRES
233244;SINDEEPRES
233247;SINDEEPRES
233248;SINDEEPRES
233278;SINDEEPRES
233281;SINDEEPRES
233290;SINDEEPRES
233287;SINDEEPRES
233294;SINDEEPRES
233300;SINDEEPRES
233302;SINDEEPRES
233313;SINDEEPRES
233315;SINDEEPRES
233323;SINDEEPRES
233329;SINDEEPRES
233342;SINDEEPRES
233383;SINDEEPRES
233400;SINDEEPRES
233402;SINDEEPRES
233379;SINDEEPRES
233380;SINDEEPRES
233385;SINDEEPRES
233386;SINDEEPRES
233387;SINDEEPRES
233391;SINDEEPRES
233392;SINDEEPRES
233393;SINDEEPRES
233401;SINDEEPRES
233403;SINDEEPRES
233405;SINDEEPRES
233407;SINDEEPRES
233408;SINDEEPRES
233409;SINDEEPRES
233410;SINDEEPRES
233411;SINDEEPRES
233412;SINDEEPRES
233415;SINDEEPRES
233420;SINDEEPRES
233421;SINDEEPRES
233422;SINDEEPRES
233423;SINDEEPRES
233429;SINDEEPRES
233431;SINDEEPRES
233433;SINDEEPRES
233446;SINDEEPRES
233449;SINDEEPRES
233451;SINDEEPRES
233452;SINDEEPRES
233454;SINDEEPRES
233455;SINDEEPRES
233459;SINDEEPRES
233461;SINDEEPRES
233482;SINDEEPRES
233491;SINDEEPRES
233503;SINDEEPRES
233504;SINDEEPRES
233505;SINDEEPRES
233506;SINDEEPRES
233507;SINDEEPRES
233508;SINDEEPRES
233509;SINDEEPRES
233512;SINDEEPRES
233513;SINDEEPRES
233514;SINDEEPRES
233516;SINDEEPRES
233517;SINDEEPRES
233522;SINDEEPRES
233529;SINDEEPRES
233530;SINDEEPRES
233544;SINDEEPRES
233550;SINDEEPRES
233570;SINDEEPRES
233581;SINDEEPRES
233597;SINDEEPRES
233578;SINDEEPRES
233603;SINDEEPRES
233608;SINDEEPRES
233609;SINDEEPRES
233619;SINDEEPRES
233622;SINDEEPRES
233642;SINDEEPRES
233672;SINDEEPRES
233677;SINDEEPRES
233678;SINDEEPRES
233679;SINDEEPRES
233680;SINDEEPRES
233681;SINDEEPRES
233697;SINDEEPRES
233702;SINDEEPRES
233704;SINDEEPRES
233715;SINDEEPRES
233718;SINDEEPRES
233719;SINDEEPRES
233722;SINDEEPRES
233727;SINDEEPRES
233757;SINDEEPRES
233747;SINDEEPRES
233751;SINDEEPRES
233753;SINDEEPRES
233755;SINDEEPRES
233765;SINDEEPRES
233859;SINDEEPRES
233909;SINDEEPRES
233940;SINDEEPRES
233989;SINDEEPRES
233998;SINDEEPRES
234002;SINDEEPRES
234005;SINDEEPRES
234006;SINDEEPRES
234009;SINDEEPRES
234011;SINDEEPRES
234014;SINDEEPRES
234017;SINDEEPRES
234022;SINDEEPRES
234034;SINDEEPRES
234037;SINDEEPRES
234038;SINDEEPRES
234039;SINDEEPRES
234041;SINDEEPRES
234046;SINDEEPRES
234052;SINDEEPRES
234053;SINDEEPRES
234032;SINDEEPRES
234044;SINDEEPRES
234045;SINDEEPRES
234051;SINDEEPRES
234054;SINDEEPRES
234056;SINDEEPRES
234059;SINDEEPRES
234067;SINDEEPRES
234068;SINDEEPRES
234069;SINDEEPRES
234070;SINDEEPRES
234071;SINDEEPRES
234073;SINDEEPRES
234074;SINDEEPRES
234080;SINDEEPRES
234085;SINDEEPRES
234087;SINDEEPRES
234089;SINDEEPRES
234092;SINDEEPRES
234100;SINDEEPRES
234095;SINDEEPRES
234101;SINDEEPRES
234105;SINDEEPRES
234119;SINDEEPRES
234158;SINDEEPRES
234169;SINDEEPRES
234178;SINDEEPRES
234180;SINDEEPRES
234207;SINDEEPRES
234208;SINDEEPRES
234211;SINDEEPRES
234214;SINDEEPRES
234217;SINDEEPRES
234222;SINDEEPRES
234224;SINDEEPRES
234246;SINDEEPRES
234259;SINDEEPRES
234253;SINDEEPRES
234263;SINDEEPRES
234265;SINDEEPRES
234267;SINDEEPRES
234268;SINDEEPRES
234270;SINDEEPRES
234272;SINDEEPRES
234274;SINDEEPRES
234275;SINDEEPRES
234276;SINDEEPRES
234277;SINDEEPRES
234281;SINDEEPRES
234289;SINDEEPRES
234298;SINDEEPRES
234308;SINDEEPRES
234310;SINDEEPRES
234311;SINDEEPRES
234317;SINDEEPRES
234318;SINDEEPRES
234319;SINDEEPRES
234320;SINDEEPRES
234321;SINDEEPRES
234322;SINDEEPRES
234325;SINDEEPRES
234329;SINDEEPRES
234331;SINDEEPRES
234350;SINDEEPRES
234345;SINDEEPRES
234349;SINDEEPRES
234355;SINDEEPRES
234356;SINDEEPRES
234358;SINDEEPRES
234389;SINDEEPRES
234391;SINDEEPRES
234421;SINDEEPRES
234425;SINDEEPRES
234444;SINDEEPRES
234431;SINDEEPRES
234432;SINDEEPRES
234435;SINDEEPRES
234436;SINDEEPRES
234437;SINDEEPRES
234438;SINDEEPRES
234440;SINDEEPRES
234443;SINDEEPRES
234430;SINDEEPRES
234476;SINDEEPRES
234497;SINDEEPRES
234514;SINDEEPRES
234518;SINDEEPRES
234515;SINDEEPRES
234519;SINDEEPRES
234524;SINDEEPRES
234525;SINDEEPRES
234526;SINDEEPRES
234529;SINDEEPRES
234537;SINDEEPRES
234550;SINDEEPRES
234564;SINDEEPRES
234566;SINDEEPRES
234577;SINDEEPRES
234582;SINDEEPRES
234584;SINDEEPRES
234586;SINDEEPRES
234590;SINDEEPRES
234592;SINDEEPRES
234593;SINDEEPRES
234594;SINDEEPRES
234603;SINDEEPRES
234611;SINDEEPRES
234641;SINDEEPRES
234642;SINDEEPRES
234643;SINDEEPRES
234644;SINDEEPRES
234649;SINDEEPRES
234655;SINDEEPRES
234656;SINDEEPRES
234657;SINDEEPRES
234659;SINDEEPRES
234660;SINDEEPRES
234662;SINDEEPRES
234665;SINDEEPRES
234672;SINDEEPRES
234674;SINDEEPRES
234681;SINDEEPRES
234682;SINDEEPRES
234684;SINDEEPRES
234685;SINDEEPRES
234686;SINDEEPRES
234691;SINDEEPRES
234692;SINDEEPRES
234693;SINDEEPRES
234695;SINDEEPRES
234697;SINDEEPRES
234698;SINDEEPRES
234738;SINDEEPRES
234758;SINDEEPRES
234767;SINDEEPRES
234769;SINDEEPRES
234771;SINDEEPRES
234773;SINDEEPRES
234789;SINDEEPRES
234790;SINDEEPRES
234792;SINDEEPRES
234794;SINDEEPRES
234796;SINDEEPRES
234797;SINDEEPRES
234800;SINDEEPRES
234826;SINDEEPRES
234828;SINDEEPRES
234840;SINDEEPRES
234844;SINDEEPRES
234845;SINDEEPRES
234846;SINDEEPRES
234848;SINDEEPRES
234858;SINDEEPRES
234872;SINDEEPRES
234897;SINDEEPRES
234900;SINDEEPRES
234904;SINDEEPRES
234905;SINDEEPRES
234920;SINDEEPRES
234921;SINDEEPRES
234953;SINDEEPRES
234942;SINDEEPRES
234950;SINDEEPRES
234978;SINDEEPRES
234985;SINDEEPRES
235007;SINDEEPRES
235065;SINDEEPRES
235075;SINDEEPRES
235080;SINDEEPRES
235086;SINDEEPRES
235107;SINDEEPRES
235113;SINDEEPRES
235121;SINDEEPRES
235123;SINDEEPRES
235129;SINDEEPRES
235130;SINDEEPRES
235145;SINDEEPRES
235162;SINDEEPRES
235165;SINDEEPRES
235175;SINDEEPRES
235185;SINDEEPRES
235187;SINDEEPRES
235188;SINDEEPRES
235190;SINDEEPRES
235192;SINDEEPRES
235144;SINDEEPRES
235208;SINDEEPRES
235212;SINDEEPRES
235214;SINDEEPRES
235235;SINDEEPRES
235236;SINDEEPRES
235243;SINDEEPRES
235246;SINDEEPRES
235248;SINDEEPRES
235249;SINDEEPRES
235251;SINDEEPRES
235253;SINDEEPRES
235255;SINDEEPRES
235258;SINDEEPRES
235259;SINDEEPRES
235260;SINDEEPRES
235291;SINDEEPRES
235292;SINDEEPRES
235299;SINDEEPRES
235305;SINDEEPRES
235309;SINDEEPRES
235310;SINDEEPRES
235312;SINDEEPRES
235323;SINDEEPRES
235325;SINDEEPRES
235331;SINDEEPRES
235332;SINDEEPRES
235298;SINDEEPRES
235324;SINDEEPRES
235326;SINDEEPRES
235336;SINDEEPRES
235339;SINDEEPRES
235340;SINDEEPRES
235350;SINDEEPRES
235351;SINDEEPRES
235354;SINDEEPRES
235356;SINDEEPRES
235357;SINDEEPRES
235363;SINDEEPRES
235366;SINDEEPRES
235394;SINDEEPRES
235401;SINDEEPRES
235402;SINDEEPRES
235396;SINDEEPRES
235400;SINDEEPRES
235403;SINDEEPRES
235408;SINDEEPRES
235406;SINDEEPRES
235409;SINDEEPRES
235407;SINDEEPRES
235413;SINDEEPRES
235416;SINDEEPRES
235419;SINDEEPRES
235421;SINDEEPRES
235418;SINDEEPRES
235425;SINDEEPRES
235430;SINDEEPRES
235428;SINDEEPRES
235424;SINDEEPRES
235435;SINDEEPRES
235439;SINDEEPRES
235438;SINDEEPRES
235436;SINDEEPRES
235446;SINDEEPRES
235447;SINDEEPRES
235449;SINDEEPRES
235451;SINDEEPRES
235456;SINDEEPRES
235475;SINDEEPRES
235483;SINDEEPRES
235470;SINDEEPRES
235490;SINDEEPRES
235494;SINDEEPRES
235498;SINDEEPRES
235507;SINDEEPRES
235505;SINDEEPRES
235513;SINDEEPRES
235514;SINDEEPRES
235518;SINDEEPRES
235521;SINDEEPRES
235523;SINDEEPRES
235527;SINDEEPRES
235529;SINDEEPRES
235581;SINDEEPRES
235586;SINDEEPRES
235591;SINDEEPRES
235599;SINDEEPRES
235601;SINDEEPRES
235602;SINDEEPRES
235606;SINDEEPRES
235609;SINDEEPRES
235624;SINDEEPRES
235626;SINDEEPRES
235627;SINDEEPRES
235628;SINDEEPRES
235630;SINDEEPRES
235634;SINDEEPRES
235635;SINDEEPRES
235636;SINDEEPRES
235637;SINDEEPRES
235638;SINDEEPRES
235632;SINDEEPRES
235641;SINDEEPRES
235753;SINDEEPRES
235755;SINDEEPRES
235772;SINDEEPRES
235780;SINDEEPRES
235782;SINDEEPRES
235785;SINDEEPRES
235788;SINDEEPRES
235789;SINDEEPRES
235791;SINDEEPRES
235793;SINDEEPRES
235795;SINDEEPRES
235797;SINDEEPRES
235798;SINDEEPRES
235801;SINDEEPRES
235809;SINDEEPRES
235816;SINDEEPRES
235823;SINDEEPRES
235983;SINDEEPRES
235985;SINDEEPRES
235986;SINDEEPRES
235993;SINDEEPRES
235994;SINDEEPRES
235995;SINDEEPRES
235996;SINDEEPRES
236117;SINDEEPRES
236122;SINDEEPRES
236172;SINDEEPRES
236174;SINDEEPRES
236176;SINDEEPRES
236178;SINDEEPRES
236179;SINDEEPRES
236180;SINDEEPRES
236191;SINDEEPRES
236192;SINDEEPRES
236199;SINDEEPRES
236206;SINDEEPRES
236207;SINDEEPRES
236208;SINDEEPRES
236209;SINDEEPRES
236236;SINDEEPRES
236239;SINDEEPRES
236240;SINDEEPRES
236259;SINDEEPRES
236261;SINDEEPRES
236263;SINDEEPRES
236265;SINDEEPRES
236267;SINDEEPRES
236274;SINDEEPRES
236280;SINDEEPRES
236281;SINDEEPRES
236283;SINDEEPRES
236284;SINDEEPRES
236287;SINDEEPRES
236290;SINDEEPRES
236304;SINDEEPRES
236307;SINDEEPRES
236320;SINDEEPRES
236325;SINDEEPRES
236328;SINDEEPRES
236329;SINDEEPRES
236330;SINDEEPRES
236346;SINDEEPRES
236347;SINDEEPRES
236348;SINDEEPRES
236361;SINDEEPRES
236373;SINDEEPRES
236379;SINDEEPRES
236394;SINDEEPRES
236395;SINDEEPRES
236396;SINDEEPRES
236400;SINDEEPRES
236401;SINDEEPRES
236406;SINDEEPRES
236407;SINDEEPRES
236408;SINDEEPRES
236417;SINDEEPRES
236419;SINDEEPRES
236420;SINDEEPRES
236421;SINDEEPRES
236422;SINDEEPRES
236424;SINDEEPRES
236425;SINDEEPRES
236426;SINDEEPRES
236428;SINDEEPRES
236430;SINDEEPRES
236433;SINDEEPRES
236434;SINDEEPRES
236459;SINDEEPRES
236467;SINDEEPRES
236475;SINDEEPRES
236478;SINDEEPRES
236479;SINDEEPRES
236480;SINDEEPRES
236481;SINDEEPRES
236482;SINDEEPRES
236518;SINDEEPRES
236549;SINDEEPRES
236550;SINDEEPRES
236551;SINDEEPRES
236552;SINDEEPRES
236553;SINDEEPRES
236554;SINDEEPRES
236555;SINDEEPRES
236556;SINDEEPRES
236558;SINDEEPRES
236557;SINDEEPRES
236559;SINDEEPRES
236560;SINDEEPRES
236561;SINDEEPRES
236562;SINDEEPRES
236563;SINDEEPRES
236564;SINDEEPRES
236565;SINDEEPRES
236607;SINDEEPRES
236609;SINDEEPRES
236614;SINDEEPRES
236615;SINDEEPRES
236618;SINDEEPRES
236619;SINDEEPRES
236630;SINDEEPRES
236632;SINDEEPRES
236617;SINDEEPRES
236707;SINDEEPRES
236710;SINDEEPRES
236727;SINDEEPRES
236734;SINDEEPRES
236735;SINDEEPRES
236742;SINDEEPRES
236743;SINDEEPRES
236752;SINDEEPRES
236754;SINDEEPRES
236756;SINDEEPRES
236760;SINDEEPRES
236761;SINDEEPRES
236763;SINDEEPRES
236775;SINDEEPRES
236776;SINDEEPRES
236778;SINDEEPRES
236779;SINDEEPRES
236780;SINDEEPRES
236783;SINDEEPRES
236786;SINDEEPRES
236789;SINDEEPRES
236790;SINDEEPRES
236801;SINDEEPRES
236803;SINDEEPRES
200400;SIEMACO
200319;SIEMACO
200291;SIEMACO
200290;SIEMACO
200331;SIEMACO
104720;SIEMACO
200332;SIEMACO
200317;SIEMACO
200293;SIEMACO
200329;SIEMACO
200346;SIEMACO
200314;SIEMACO
200201;SIEMACO
200570;SIEMACO
200339;SIEMACO
200325;SIEMACO
2781;SIEMACO
200218;SIEMACO
200205;SIEMACO
200204;SIEMACO
200090;SIEMACO
200274;SIEMACO
200918;SIEMACO
227398;SIEMACO
201268;SIEMACO
201641;SIEMACO
202233;SIEMACO
202263;SIEMACO
203781;SIEMACO
204070;SIEMACO
204334;SIEMACO
204550;SIEMACO
205827;SIEMACO
206066;SIEMACO
206273;SIEMACO
206758;SIEMACO
206823;SIEMACO
206842;SIEMACO
208315;SIEMACO
208321;SIEMACO
208505;SIEMACO
208779;SIEMACO
211354;SIEMACO
211857;SIEMACO
213255;SIEMACO
216232;SIEMACO
216690;SIEMACO
220777;SIEMACO
221564;SIEMACO
224219;SIEMACO
224224;SIEMACO
224268;SIEMACO
226234;SIEMACO
226263;SIEMACO
226619;SIEMACO
226687;SIEMACO
226960;SIEMACO
227375;SIEMACO
227377;SIEMACO
227379;SIEMACO
227380;SIEMACO
227385;SIEMACO
227874;SIEMACO
227872;SIEMACO
227896;SIEMACO
227898;SIEMACO
227909;SIEMACO
227918;SIEMACO
227919;SIEMACO
227926;SIEMACO
227933;SIEMACO
227956;SIEMACO
227964;SIEMACO
227975;SIEMACO
227976;SIEMACO
227980;SIEMACO
227982;SIEMACO
227994;SIEMACO
228066;SIEMACO
228067;SIEMACO
228098;SIEMACO
228105;SIEMACO
228112;SIEMACO
228113;SIEMACO
228116;SIEMACO
228118;SIEMACO
228117;SIEMACO
228159;SIEMACO
228228;SIEMACO
228237;SIEMACO
228255;SIEMACO
228256;SIEMACO
228265;SIEMACO
228266;SIEMACO
228268;SIEMACO
228274;SIEMACO
228280;SIEMACO
228287;SIEMACO
228289;SIEMACO
228300;SIEMACO
228314;SIEMACO
228316;SIEMACO
228326;SIEMACO
228328;SIEMACO
228337;SIEMACO
228345;SIEMACO
228354;SIEMACO
228355;SIEMACO
228365;SIEMACO
228370;SIEMACO
228380;SIEMACO
228383;SIEMACO
228392;SIEMACO
228395;SIEMACO
228398;SIEMACO
228399;SIEMACO
228402;SIEMACO
228406;SIEMACO
228411;SIEMACO
228412;SIEMACO
228413;SIEMACO
228417;SIEMACO
228427;SIEMACO
228499;SIEMACO
228625;SIEMACO
228626;SIEMACO
228627;SIEMACO
228629;SIEMACO
228646;SIEMACO
228648;SIEMACO
228649;SIEMACO
228652;SIEMACO
228657;SIEMACO
228658;SIEMACO
228665;SIEMACO
228675;SIEMACO
228766;SIEMACO
228949;SIEMACO
228952;SIEMACO
228954;SIEMACO
228955;SIEMACO
228958;SIEMACO
228960;SIEMACO
228965;SIEMACO
228982;SIEMACO
228985;SIEMACO
228986;SIEMACO
228989;SIEMACO
228992;SIEMACO
229139;SIEMACO
229142;SIEMACO
229146;SIEMACO
229293;SIEMACO
229324;SIEMACO
229325;SIEMACO
229341;SIEMACO
229342;SIEMACO
229448;SIEMACO
229582;SIEMACO
229586;SIEMACO
230023;SIEMACO
230030;SIEMACO
230031;SIEMACO
230032;SIEMACO
230034;SIEMACO
230049;SIEMACO
230109;SIEMACO
230111;SIEMACO
230112;SIEMACO
230123;SIEMACO
230124;SIEMACO
230125;SIEMACO
230128;SIEMACO
230132;SIEMACO
230142;SIEMACO
230243;SIEMACO
230299;SIEMACO
230376;SIEMACO
230386;SIEMACO
230404;SIEMACO
230469;SIEMACO
230472;SIEMACO
230474;SIEMACO
230477;SIEMACO
230627;SIEMACO
230628;SIEMACO
230630;SIEMACO
230632;SIEMACO
230636;SIEMACO
230639;SIEMACO
230640;SIEMACO
230686;SIEMACO
230768;SIEMACO
230840;SIEMACO
230993;SIEMACO
230995;SIEMACO
230996;SIEMACO
230997;SIEMACO
230998;SIEMACO
231105;SIEMACO
231106;SIEMACO
231107;SIEMACO
231126;SIEMACO
231128;SIEMACO
231140;SIEMACO
231141;SIEMACO
231163;SIEMACO
231182;SIEMACO
231183;SIEMACO
231188;SIEMACO
231189;SIEMACO
231287;SIEMACO
231303;SIEMACO
231304;SIEMACO
231359;SIEMACO
231377;SIEMACO
231383;SIEMACO
231387;SIEMACO
231408;SIEMACO
231479;SIEMACO
231481;SIEMACO
231552;SIEMACO
231618;SIEMACO
231691;SIEMACO
231684;SIEMACO
231832;SIEMACO
232171;SIEMACO
232174;SIEMACO
232220;SIEMACO
232225;SIEMACO
232226;SIEMACO
232229;SIEMACO
232235;SIEMACO
232237;SIEMACO
232243;SIEMACO
232244;SIEMACO
232246;SIEMACO
232247;SIEMACO
232261;SIEMACO
232263;SIEMACO
232265;SIEMACO
232266;SIEMACO
232267;SIEMACO
232268;SIEMACO
232269;SIEMACO
232272;SIEMACO
232273;SIEMACO
232276;SIEMACO
232277;SIEMACO
232278;SIEMACO
232282;SIEMACO
232283;SIEMACO
232285;SIEMACO
232286;SIEMACO
232288;SIEMACO
232290;SIEMACO
232291;SIEMACO
232296;SIEMACO
232301;SIEMACO
232302;SIEMACO
232346;SIEMACO
232377;SIEMACO
232383;SIEMACO
232450;SIEMACO
232460;SIEMACO
232465;SIEMACO
232467;SIEMACO
232482;SIEMACO
232483;SIEMACO
232485;SIEMACO
232486;SIEMACO
232487;SIEMACO
232580;SIEMACO
232614;SIEMACO
232616;SIEMACO
232617;SIEMACO
232625;SIEMACO
232631;SIEMACO
232652;SIEMACO
232655;SIEMACO
232671;SIEMACO
232703;SIEMACO
232730;SIEMACO
232731;SIEMACO
232732;SIEMACO
232735;SIEMACO
232797;SIEMACO
232798;SIEMACO
232806;SIEMACO
232818;SIEMACO
232823;SIEMACO
232825;SIEMACO
232826;SIEMACO
232827;SIEMACO
232859;SIEMACO
232861;SIEMACO
232887;SIEMACO
232892;SIEMACO
232976;SIEMACO
232977;SIEMACO
232978;SIEMACO
232980;SIEMACO
232982;SIEMACO
232983;SIEMACO
232984;SIEMACO
233088;SIEMACO
233094;SIEMACO
233095;SIEMACO
233142;SIEMACO
233256;SIEMACO
233258;SIEMACO
233282;SIEMACO
233304;SIEMACO
233306;SIEMACO
233307;SIEMACO
233346;SIEMACO
233348;SIEMACO
233377;SIEMACO
233363;SIEMACO
233367;SIEMACO
233438;SIEMACO
233444;SIEMACO
233555;SIEMACO
233604;SIEMACO
233643;SIEMACO
233732;SIEMACO
233733;SIEMACO
233739;SIEMACO
233742;SIEMACO
233766;SIEMACO
233785;SIEMACO
233829;SIEMACO
233832;SIEMACO
233834;SIEMACO
233850;SIEMACO
233849;SIEMACO
234111;SIEMACO
234114;SIEMACO
234115;SIEMACO
234128;SIEMACO
234140;SIEMACO
234141;SIEMACO
234142;SIEMACO
234143;SIEMACO
234146;SIEMACO
234147;SIEMACO
234148;SIEMACO
234159;SIEMACO
234182;SIEMACO
234216;SIEMACO
234232;SIEMACO
234304;SIEMACO
234410;SIEMACO
234412;SIEMACO
234445;SIEMACO
234447;SIEMACO
234448;SIEMACO
234450;SIEMACO
234460;SIEMACO
234462;SIEMACO
234464;SIEMACO
234465;SIEMACO
234466;SIEMACO
234469;SIEMACO
234470;SIEMACO
234472;SIEMACO
234452;SIEMACO
234457;SIEMACO
234458;SIEMACO
234468;SIEMACO
234505;SIEMACO
234569;SIEMACO
234570;SIEMACO
234572;SIEMACO
234573;SIEMACO
234576;SIEMACO
234578;SIEMACO
234583;SIEMACO
234604;SIEMACO
234609;SIEMACO
234613;SIEMACO
234650;SIEMACO
234661;SIEMACO
234679;SIEMACO
234680;SIEMACO
234720;SIEMACO
234721;SIEMACO
234722;SIEMACO
234733;SIEMACO
234734;SIEMACO
234743;SIEMACO
234746;SIEMACO
234754;SIEMACO
234756;SIEMACO
234757;SIEMACO
234774;SIEMACO
234802;SIEMACO
234803;SIEMACO
234851;SIEMACO
234852;SIEMACO
234856;SIEMACO
234860;SIEMACO
234873;SIEMACO
234877;SIEMACO
234883;SIEMACO
234894;SIEMACO
234910;SIEMACO
234928;SIEMACO
234915;SIEMACO
234948;SIEMACO
234946;SIEMACO
234947;SIEMACO
234949;SIEMACO
235049;SIEMACO
235061;SIEMACO
235063;SIEMACO
235067;SIEMACO
235068;SIEMACO
235072;SIEMACO
235084;SIEMACO
235090;SIEMACO
235095;SIEMACO
235096;SIEMACO
235098;SIEMACO
235112;SIEMACO
235114;SIEMACO
235116;SIEMACO
235125;SIEMACO
235127;SIEMACO
235128;SIEMACO
235131;SIEMACO
235132;SIEMACO
235133;SIEMACO
235135;SIEMACO
235141;SIEMACO
235152;SIEMACO
235154;SIEMACO
235155;SIEMACO
235176;SIEMACO
235181;SIEMACO
235183;SIEMACO
235186;SIEMACO
235202;SIEMACO
235203;SIEMACO
235216;SIEMACO
235233;SIEMACO
235237;SIEMACO
235244;SIEMACO
235245;SIEMACO
235252;SIEMACO
235261;SIEMACO
235263;SIEMACO
235264;SIEMACO
235265;SIEMACO
235266;SIEMACO
235267;SIEMACO
235268;SIEMACO
235269;SIEMACO
235270;SIEMACO
235272;SIEMACO
235273;SIEMACO
235274;SIEMACO
235275;SIEMACO
235276;SIEMACO
235277;SIEMACO
235278;SIEMACO
235279;SIEMACO
235281;SIEMACO
235282;SIEMACO
235283;SIEMACO
235286;SIEMACO
235285;SIEMACO
235289;SIEMACO
235300;SIEMACO
235301;SIEMACO
235307;SIEMACO
235308;SIEMACO
235311;SIEMACO
235319;SIEMACO
235322;SIEMACO
235318;SIEMACO
235320;SIEMACO
235334;SIEMACO
235338;SIEMACO
235368;SIEMACO
235369;SIEMACO
235370;SIEMACO
235372;SIEMACO
235373;SIEMACO
235374;SIEMACO
235376;SIEMACO
235377;SIEMACO
235378;SIEMACO
235375;SIEMACO
235381;SIEMACO
235382;SIEMACO
235383;SIEMACO
235385;SIEMACO
235386;SIEMACO
235629;SIEMACO
235412;SIEMACO
235411;SIEMACO
235422;SIEMACO
235426;SIEMACO
235434;SIEMACO
235440;SIEMACO
235442;SIEMACO
235448;SIEMACO
235453;SIEMACO
235461;SIEMACO
235469;SIEMACO
235468;SIEMACO
235474;SIEMACO
235589;SIEMACO
235603;SIEMACO
235391;SIEMACO
235398;SIEMACO
235414;SIEMACO
235423;SIEMACO
235432;SIEMACO
235437;SIEMACO
235444;SIEMACO
235445;SIEMACO
235452;SIEMACO
235454;SIEMACO
235455;SIEMACO
235459;SIEMACO
235460;SIEMACO
235450;SIEMACO
235462;SIEMACO
235464;SIEMACO
235463;SIEMACO
235466;SIEMACO
235473;SIEMACO
235472;SIEMACO
235477;SIEMACO
235481;SIEMACO
235480;SIEMACO
235484;SIEMACO
235482;SIEMACO
235486;SIEMACO
235487;SIEMACO
235485;SIEMACO
235492;SIEMACO
235495;SIEMACO
235493;SIEMACO
235497;SIEMACO
235496;SIEMACO
235499;SIEMACO
235501;SIEMACO
235503;SIEMACO
235504;SIEMACO
235506;SIEMACO
235509;SIEMACO
235508;SIEMACO
235510;SIEMACO
235511;SIEMACO
235515;SIEMACO
235517;SIEMACO
235520;SIEMACO
235524;SIEMACO
235530;SIEMACO
235531;SIEMACO
235534;SIEMACO
235533;SIEMACO
235536;SIEMACO
235538;SIEMACO
235539;SIEMACO
235541;SIEMACO
235545;SIEMACO
235543;SIEMACO
235546;SIEMACO
235547;SIEMACO
235542;SIEMACO
235550;SIEMACO
235549;SIEMACO
235551;SIEMACO
235552;SIEMACO
235554;SIEMACO
235553;SIEMACO
235558;SIEMACO
235557;SIEMACO
235561;SIEMACO
235556;SIEMACO
235560;SIEMACO
235562;SIEMACO
235563;SIEMACO
235565;SIEMACO
235564;SIEMACO
235567;SIEMACO
235569;SIEMACO
235570;SIEMACO
235571;SIEMACO
235573;SIEMACO
235574;SIEMACO
235575;SIEMACO
235576;SIEMACO
235577;SIEMACO
235579;SIEMACO
235582;SIEMACO
235585;SIEMACO
235604;SIEMACO
235612;SIEMACO
235613;SIEMACO
235616;SIEMACO
235617;SIEMACO
235618;SIEMACO
235619;SIEMACO
235644;SIEMACO
235645;SIEMACO
235648;SIEMACO
235651;SIEMACO
235652;SIEMACO
235650;SIEMACO
235654;SIEMACO
235653;SIEMACO
235655;SIEMACO
235657;SIEMACO
235658;SIEMACO
235656;SIEMACO
235659;SIEMACO
235660;SIEMACO
235661;SIEMACO
235663;SIEMACO
235664;SIEMACO
235666;SIEMACO
235667;SIEMACO
235669;SIEMACO
235671;SIEMACO
235670;SIEMACO
235672;SIEMACO
235674;SIEMACO
235675;SIEMACO
235676;SIEMACO
235682;SIEMACO
235686;SIEMACO
235683;SIEMACO
235688;SIEMACO
235689;SIEMACO
235690;SIEMACO
235692;SIEMACO
235693;SIEMACO
235695;SIEMACO
235696;SIEMACO
235698;SIEMACO
235700;SIEMACO
235697;SIEMACO
235701;SIEMACO
235702;SIEMACO
235704;SIEMACO
235703;SIEMACO
235705;SIEMACO
235706;SIEMACO
235708;SIEMACO
235709;SIEMACO
235710;SIEMACO
235713;SIEMACO
235717;SIEMACO
235718;SIEMACO
235716;SIEMACO
235720;SIEMACO
235721;SIEMACO
235722;SIEMACO
235723;SIEMACO
235724;SIEMACO
235725;SIEMACO
235730;SIEMACO
235731;SIEMACO
235732;SIEMACO
235733;SIEMACO
235735;SIEMACO
235738;SIEMACO
235737;SIEMACO
235739;SIEMACO
235741;SIEMACO
235743;SIEMACO
235744;SIEMACO
235745;SIEMACO
235747;SIEMACO
235760;SIEMACO
235762;SIEMACO
235763;SIEMACO
235774;SIEMACO
235811;SIEMACO
235814;SIEMACO
235817;SIEMACO
235820;SIEMACO
235828;SIEMACO
235833;SIEMACO
235835;SIEMACO
235836;SIEMACO
235860;SIEMACO
235866;SIEMACO
235877;SIEMACO
235884;SIEMACO
235888;SIEMACO
235891;SIEMACO
236005;SIEMACO
236004;SIEMACO
236007;SIEMACO
236003;SIEMACO
236006;SIEMACO
236002;SIEMACO
236009;SIEMACO
236008;SIEMACO
236012;SIEMACO
236011;SIEMACO
236013;SIEMACO
236015;SIEMACO
236014;SIEMACO
236016;SIEMACO
236017;SIEMACO
236018;SIEMACO
236021;SIEMACO
236019;SIEMACO
236024;SIEMACO
236023;SIEMACO
236022;SIEMACO
236020;SIEMACO
236026;SIEMACO
236028;SIEMACO
236027;SIEMACO
236030;SIEMACO
236031;SIEMACO
236029;SIEMACO
236032;SIEMACO
236035;SIEMACO
236034;SIEMACO
236036;SIEMACO
236033;SIEMACO
236038;SIEMACO
236037;SIEMACO
236041;SIEMACO
236042;SIEMACO
236040;SIEMACO
236039;SIEMACO
236046;SIEMACO
236045;SIEMACO
236048;SIEMACO
236047;SIEMACO
236049;SIEMACO
236050;SIEMACO
236053;SIEMACO
236054;SIEMACO
236056;SIEMACO
236057;SIEMACO
236060;SIEMACO
236059;SIEMACO
236061;SIEMACO
236062;SIEMACO
236063;SIEMACO
236064;SIEMACO
236066;SIEMACO
236069;SIEMACO
236070;SIEMACO
236068;SIEMACO
236071;SIEMACO
236067;SIEMACO
236073;SIEMACO
236072;SIEMACO
236074;SIEMACO
236076;SIEMACO
236075;SIEMACO
236077;SIEMACO
236078;SIEMACO
236079;SIEMACO
236080;SIEMACO
236082;SIEMACO
236083;SIEMACO
236084;SIEMACO
236087;SIEMACO
236089;SIEMACO
236090;SIEMACO
236093;SIEMACO
236091;SIEMACO
236095;SIEMACO
236098;SIEMACO
236097;SIEMACO
236099;SIEMACO
236101;SIEMACO
236102;SIEMACO
236104;SIEMACO
236103;SIEMACO
236105;SIEMACO
236100;SIEMACO
236107;SIEMACO
236108;SIEMACO
236110;SIEMACO
236111;SIEMACO
236109;SIEMACO
236112;SIEMACO
236115;SIEMACO
236113;SIEMACO
236116;SIEMACO
236118;SIEMACO
236119;SIEMACO
236120;SIEMACO
236127;SIEMACO
236128;SIEMACO
236129;SIEMACO
236161;SIEMACO
236162;SIEMACO
236163;SIEMACO
236168;SIEMACO
236169;SIEMACO
236170;SIEMACO
236181;SIEMACO
236187;SIEMACO
236189;SIEMACO
236190;SIEMACO
236194;SIEMACO
236195;SIEMACO
236196;SIEMACO
236197;SIEMACO
236200;SIEMACO
236201;SIEMACO
236202;SIEMACO
236203;SIEMACO
236204;SIEMACO
236205;SIEMACO
236215;SIEMACO
236241;SIEMACO
236245;SIEMACO
236246;SIEMACO
236250;SIEMACO
236251;SIEMACO
236252;SIEMACO
236254;SIEMACO
236262;SIEMACO
236264;SIEMACO
236272;SIEMACO
236273;SIEMACO
236282;SIEMACO
236285;SIEMACO
236291;SIEMACO
236292;SIEMACO
236293;SIEMACO
236294;SIEMACO
236295;SIEMACO
236298;SIEMACO
236301;SIEMACO
236302;SIEMACO
236305;SIEMACO
236310;SIEMACO
236317;SIEMACO
236316;SIEMACO
236318;SIEMACO
236326;SIEMACO
236327;SIEMACO
236340;SIEMACO
236341;SIEMACO
236353;SIEMACO
236374;SIEMACO
236380;SIEMACO
236381;SIEMACO
236382;SIEMACO
236384;SIEMACO
236452;SIEMACO
236603;SIEMACO
236604;SIEMACO
236605;SIEMACO
236606;SIEMACO
236722;SIEMACO
236723;SIEMACO
236724;SIEMACO
236730;SIEMACO
236731;SIEMACO
236732;SIEMACO
236733;SIEMACO
236759;SIEMACO
236784;SIEMACO
236785;SIEMACO
236804;SIEMACO
103387;SINDEAC
50054;SINDEAC
50060;SINDEAC
50011;SINDEAC
50078;SINDEAC
50101;SINDEAC
50110;SINDEAC
50151;SINDEAC
50154;SINDEAC
50398;SINDEAC
101077;SINDEAC
104104;SINDEAC
200981;SINDEAC
102195;SINDEAC
103401;SINDEAC
103689;SINDEAC
104018;SINDEAC
104556;SINDEAC
105031;SINDEAC
105614;SINDEAC
105771;SINDEAC
105877;SINDEAC
208408;SINDEAC
210026;SINDEAC
210600;SINDEAC
210617;SINDEAC
210778;SINDEAC
210883;SINDEAC
211481;SINDEAC
211709;SINDEAC
211760;SINDEAC
211887;SINDEAC
211899;SINDEAC
212060;SINDEAC
212152;SINDEAC
213152;SINDEAC
213308;SINDEAC
213580;SINDEAC
214066;SINDEAC
214193;SINDEAC
214237;SINDEAC
215169;SINDEAC
215204;SINDEAC
215321;SINDEAC
215342;SINDEAC
215654;SINDEAC
215697;SINDEAC
216510;SINDEAC
217487;SINDEAC
217576;SINDEAC
217522;SINDEAC
217602;SINDEAC
217685;SINDEAC
217697;SINDEAC
218849;SINDEAC
219531;SINDEAC
219604;SINDEAC
219775;SINDEAC
219686;SINDEAC
219687;SINDEAC
219689;SINDEAC
219692;SINDEAC
219698;SINDEAC
219921;SINDEAC
219914;SINDEAC
220226;SINDEAC
220249;SINDEAC
220294;SINDEAC
220345;SINDEAC
220420;SINDEAC
220629;SINDEAC
220932;SINDEAC
220999;SINDEAC
221149;SINDEAC
221239;SINDEAC
221324;SINDEAC
221325;SINDEAC
221494;SINDEAC
221706;SINDEAC
221893;SINDEAC
222016;SINDEAC
222020;SINDEAC
222022;SINDEAC
222023;SINDEAC
222024;SINDEAC
222094;SINDEAC
222107;SINDEAC
222385;SINDEAC
222487;SINDEAC
222800;SINDEAC
223255;SINDEAC
223208;SINDEAC
223732;SINDEAC
223867;SINDEAC
223919;SINDEAC
224390;SINDEAC
224489;SINDEAC
224490;SINDEAC
224492;SINDEAC
224493;SINDEAC
224503;SINDEAC
224518;SINDEAC
224889;SINDEAC
224952;SINDEAC
225277;SINDEAC
225278;SINDEAC
225517;SINDEAC
225778;SINDEAC
225843;SINDEAC
226340;SINDEAC
226572;SINDEAC
226802;SINDEAC
226933;SINDEAC
227383;SINDEAC
228867;SINDEAC
229286;SINDEAC
230039;SINDEAC
230147;SINDEAC
230314;SINDEAC
230400;SINDEAC
230776;SINDEAC
230777;SINDEAC
230778;SINDEAC
230779;SINDEAC
230849;SINDEAC
230929;SINDEAC
230958;SINDEAC
230959;SINDEAC
231296;SINDEAC
231297;SINDEAC
231564;SINDEAC
231580;SINDEAC
231741;SINDEAC
232449;SINDEAC
232912;SINDEAC
233057;SINDEAC
233107;SINDEAC
233497;SINDEAC
233574;SINDEAC
233556;SINDEAC
233557;SINDEAC
233572;SINDEAC
234198;SINDEAC
234225;SINDEAC
234242;SINDEAC
234255;SINDEAC
234291;SINDEAC
234294;SINDEAC
234302;SINDEAC
234305;SINDEAC
234306;SINDEAC
234314;SINDEAC
234353;SINDEAC
234595;SINDEAC
234597;SINDEAC
234841;SINDEAC
234854;SINDEAC
234888;SINDEAC
234899;SINDEAC
235011;SINDEAC
235045;SINDEAC
235099;SINDEAC
235156;SINDEAC
235295;SINDEAC
235316;SINDEAC
235327;SINDEAC
235335;SINDEAC
235773;SINDEAC
235775;SINDEAC
235761;SINDEAC
235759;SINDEAC
236123;SINDEAC
236132;SINDEAC
236135;SINDEAC
236136;SINDEAC
236143;SINDEAC
236145;SINDEAC
236148;SINDEAC
236150;SINDEAC
236152;SINDEAC
236184;SINDEAC
236185;SINDEAC
236247;SINDEAC
236309;SINDEAC
236319;SINDEAC
236324;SINDEAC
236369;SINDEAC
236375;SINDEAC
236453;SINDEAC
236456;SINDEAC
236465;SINDEAC
236473;SINDEAC
236700;SINDEAC
236701;SINDEAC
236711;SINDEAC
236718;SINDEAC
236719;SINDEAC
236755;SINDEAC
236788;SINDEAC
100506;SINDICOVI
100482;SINDICOVI
100035;SINDICOVI
100503;SINDICOVI
233698;SINDICOVI
40131;SINDICOVI
102845;SINDICOVI
100507;SINDICOVI
100156;SINDICOVI
100155;SINDICOVI
100511;SINDICOVI
100483;SINDICOVI
100186;SINDICOVI
100187;SINDICOVI
101070;SINDICOVI
100516;SINDICOVI
100377;SINDICOVI
100359;SINDICOVI
41072;SINDICOVI
100438;SINDICOVI
100292;SINDICOVI
100419;SINDICOVI
100290;SINDICOVI
100403;SINDICOVI
100410;SINDICOVI
100411;SINDICOVI
100413;SINDICOVI
100295;SINDICOVI
100298;SINDICOVI
103710;SINDICOVI
100500;SINDICOVI
103242;SINDICOVI
100992;SINDICOVI
101021;SINDICOVI
101090;SINDICOVI
101639;SINDICOVI
101976;SINDICOVI
202556;SINDICOVI
102037;SINDICOVI
102271;SINDICOVI
102275;SINDICOVI
202899;SINDICOVI
102375;SINDICOVI
102401;SINDICOVI
103297;SINDICOVI
103776;SINDICOVI
103871;SINDICOVI
205178;SINDICOVI
104600;SINDICOVI
105700;SINDICOVI
105765;SINDICOVI
105847;SINDICOVI
105863;SINDICOVI
105910;SINDICOVI
105908;SINDICOVI
105990;SINDICOVI
207487;SINDICOVI
207784;SINDICOVI
208430;SINDICOVI
209461;SINDICOVI
209575;SINDICOVI
209688;SINDICOVI
209994;SINDICOVI
210761;SINDICOVI
210837;SINDICOVI
210994;SINDICOVI
211389;SINDICOVI
211555;SINDICOVI
211566;SINDICOVI
211812;SINDICOVI
212013;SINDICOVI
212087;SINDICOVI
212339;SINDICOVI
212643;SINDICOVI
212984;SINDICOVI
213500;SINDICOVI
213688;SINDICOVI
213703;SINDICOVI
213714;SINDICOVI
213929;SINDICOVI
213980;SINDICOVI
214041;SINDICOVI
214146;SINDICOVI
214260;SINDICOVI
214545;SINDICOVI
214768;SINDICOVI
215032;SINDICOVI
215043;SINDICOVI
215051;SINDICOVI
215219;SINDICOVI
215221;SINDICOVI
215223;SINDICOVI
215228;SINDICOVI
215312;SINDICOVI
215352;SINDICOVI
215798;SINDICOVI
216212;SINDICOVI
216224;SINDICOVI
216293;SINDICOVI
216539;SINDICOVI
216601;SINDICOVI
217122;SINDICOVI
217132;SINDICOVI
217319;SINDICOVI
217378;SINDICOVI
217398;SINDICOVI
217407;SINDICOVI
217411;SINDICOVI
217416;SINDICOVI
217437;SINDICOVI
217432;SINDICOVI
217501;SINDICOVI
217588;SINDICOVI
217571;SINDICOVI
217806;SINDICOVI
217830;SINDICOVI
218244;SINDICOVI
218389;SINDICOVI
218134;SINDICOVI
218170;SINDICOVI
218219;SINDICOVI
218546;SINDICOVI
218632;SINDICOVI
218887;SINDICOVI
218916;SINDICOVI
219162;SINDICOVI
219189;SINDICOVI
219397;SINDICOVI
219402;SINDICOVI
219467;SINDICOVI
219475;SINDICOVI
219749;SINDICOVI
219750;SINDICOVI
219795;SINDICOVI
219828;SINDICOVI
219890;SINDICOVI
219894;SINDICOVI
220011;SINDICOVI
220054;SINDICOVI
220133;SINDICOVI
220211;SINDICOVI
220247;SINDICOVI
220231;SINDICOVI
220282;SINDICOVI
220302;SINDICOVI
220303;SINDICOVI
220317;SINDICOVI
220396;SINDICOVI
220859;SINDICOVI
220911;SINDICOVI
220940;SINDICOVI
221425;SINDICOVI
221664;SINDICOVI
221912;SINDICOVI
221972;SINDICOVI
222278;SINDICOVI
222332;SINDICOVI
222397;SINDICOVI
222590;SINDICOVI
222676;SINDICOVI
223106;SINDICOVI
223144;SINDICOVI
223194;SINDICOVI
223247;SINDICOVI
223279;SINDICOVI
223582;SINDICOVI
223723;SINDICOVI
223733;SINDICOVI
223772;SINDICOVI
223787;SINDICOVI
223868;SINDICOVI
223889;SINDICOVI
224067;SINDICOVI
224358;SINDICOVI
224396;SINDICOVI
224449;SINDICOVI
224661;SINDICOVI
224671;SINDICOVI
224723;SINDICOVI
225138;SINDICOVI
225404;SINDICOVI
225406;SINDICOVI
225408;SINDICOVI
225409;SINDICOVI
225412;SINDICOVI
225442;SINDICOVI
225453;SINDICOVI
225455;SINDICOVI
225503;SINDICOVI
225504;SINDICOVI
225519;SINDICOVI
225563;SINDICOVI
225585;SINDICOVI
225648;SINDICOVI
225662;SINDICOVI
226019;SINDICOVI
226135;SINDICOVI
226151;SINDICOVI
226154;SINDICOVI
226161;SINDICOVI
226167;SINDICOVI
226168;SINDICOVI
226216;SINDICOVI
226227;SINDICOVI
226271;SINDICOVI
226332;SINDICOVI
226347;SINDICOVI
226380;SINDICOVI
226404;SINDICOVI
226457;SINDICOVI
226531;SINDICOVI
226542;SINDICOVI
226571;SINDICOVI
226586;SINDICOVI
226593;SINDICOVI
226606;SINDICOVI
226632;SINDICOVI
226744;SINDICOVI
226752;SINDICOVI
226787;SINDICOVI
226841;SINDICOVI
226918;SINDICOVI
226932;SINDICOVI
226959;SINDICOVI
226989;SINDICOVI
227047;SINDICOVI
227068;SINDICOVI
227242;SINDICOVI
227243;SINDICOVI
227364;SINDICOVI
227499;SINDICOVI
227502;SINDICOVI
227504;SINDICOVI
227558;SINDICOVI
227561;SINDICOVI
227562;SINDICOVI
227594;SINDICOVI
227595;SINDICOVI
227596;SINDICOVI
227609;SINDICOVI
227610;SINDICOVI
227616;SINDICOVI
227640;SINDICOVI
227641;SINDICOVI
227642;SINDICOVI
227643;SINDICOVI
227661;SINDICOVI
227684;SINDICOVI
227685;SINDICOVI
227673;SINDICOVI
227721;SINDICOVI
227733;SINDICOVI
227752;SINDICOVI
227843;SINDICOVI
228536;SINDICOVI
228554;SINDICOVI
228603;SINDICOVI
228725;SINDICOVI
228726;SINDICOVI
228741;SINDICOVI
228742;SINDICOVI
228744;SINDICOVI
228746;SINDICOVI
228749;SINDICOVI
228752;SINDICOVI
228817;SINDICOVI
228926;SINDICOVI
229064;SINDICOVI
229054;SINDICOVI
229055;SINDICOVI
229056;SINDICOVI
229058;SINDICOVI
229297;SINDICOVI
229524;SINDICOVI
229628;SINDICOVI
229723;SINDICOVI
229748;SINDICOVI
229801;SINDICOVI
229867;SINDICOVI
229908;SINDICOVI
229950;SINDICOVI
229986;SINDICOVI
229997;SINDICOVI
230075;SINDICOVI
230083;SINDICOVI
230084;SINDICOVI
230168;SINDICOVI
230171;SINDICOVI
230199;SINDICOVI
230220;SINDICOVI
230224;SINDICOVI
230229;SINDICOVI
230257;SINDICOVI
230252;SINDICOVI
230321;SINDICOVI
230393;SINDICOVI
230394;SINDICOVI
230493;SINDICOVI
230506;SINDICOVI
230554;SINDICOVI
230588;SINDICOVI
230600;SINDICOVI
230605;SINDICOVI
230666;SINDICOVI
230675;SINDICOVI
230699;SINDICOVI
230769;SINDICOVI
230773;SINDICOVI
230813;SINDICOVI
230848;SINDICOVI
230932;SINDICOVI
230934;SINDICOVI
231044;SINDICOVI
231048;SINDICOVI
231076;SINDICOVI
231081;SINDICOVI
231100;SINDICOVI
231162;SINDICOVI
231180;SINDICOVI
231198;SINDICOVI
231201;SINDICOVI
231202;SINDICOVI
231203;SINDICOVI
231205;SINDICOVI
231212;SINDICOVI
231213;SINDICOVI
231216;SINDICOVI
231217;SINDICOVI
231218;SINDICOVI
231220;SINDICOVI
231221;SINDICOVI
231246;SINDICOVI
231247;SINDICOVI
231315;SINDICOVI
231266;SINDICOVI
231438;SINDICOVI
231451;SINDICOVI
231558;SINDICOVI
231559;SINDICOVI
231570;SINDICOVI
231593;SINDICOVI
231594;SINDICOVI
231668;SINDICOVI
231669;SINDICOVI
231798;SINDICOVI
231799;SINDICOVI
231805;SINDICOVI
231815;SINDICOVI
231955;SINDICOVI
231965;SINDICOVI
231969;SINDICOVI
231988;SINDICOVI
232045;SINDICOVI
232032;SINDICOVI
232076;SINDICOVI
232110;SINDICOVI
232111;SINDICOVI
232112;SINDICOVI
232120;SINDICOVI
232123;SINDICOVI
232128;SINDICOVI
232133;SINDICOVI
232135;SINDICOVI
232191;SINDICOVI
232192;SINDICOVI
232199;SINDICOVI
232223;SINDICOVI
232250;SINDICOVI
232355;SINDICOVI
232374;SINDICOVI
232441;SINDICOVI
232492;SINDICOVI
232576;SINDICOVI
232589;SINDICOVI
232600;SINDICOVI
232604;SINDICOVI
232612;SINDICOVI
232630;SINDICOVI
232708;SINDICOVI
232864;SINDICOVI
232908;SINDICOVI
233051;SINDICOVI
233080;SINDICOVI
233091;SINDICOVI
233102;SINDICOVI
233122;SINDICOVI
233237;SINDICOVI
233293;SINDICOVI
233468;SINDICOVI
233470;SINDICOVI
233472;SINDICOVI
233473;SINDICOVI
233483;SINDICOVI
233486;SINDICOVI
233573;SINDICOVI
233537;SINDICOVI
233538;SINDICOVI
233542;SINDICOVI
233546;SINDICOVI
233547;SINDICOVI
233561;SINDICOVI
233562;SINDICOVI
233563;SINDICOVI
233564;SINDICOVI
233566;SINDICOVI
233559;SINDICOVI
233560;SINDICOVI
233624;SINDICOVI
233628;SINDICOVI
233629;SINDICOVI
233633;SINDICOVI
233634;SINDICOVI
233635;SINDICOVI
233636;SINDICOVI
233639;SINDICOVI
233641;SINDICOVI
233669;SINDICOVI
233670;SINDICOVI
233689;SINDICOVI
233707;SINDICOVI
234129;SINDICOVI
234161;SINDICOVI
234278;SINDICOVI
234280;SINDICOVI
234282;SINDICOVI
234283;SINDICOVI
234287;SINDICOVI
234288;SINDICOVI
234326;SINDICOVI
234327;SINDICOVI
234334;SINDICOVI
234424;SINDICOVI
234490;SINDICOVI
234491;SINDICOVI
234530;SINDICOVI
234531;SINDICOVI
234535;SINDICOVI
234547;SINDICOVI
234548;SINDICOVI
234587;SINDICOVI
234608;SINDICOVI
234614;SINDICOVI
234617;SINDICOVI
234654;SINDICOVI
234699;SINDICOVI
234704;SINDICOVI
234706;SINDICOVI
234707;SINDICOVI
234709;SINDICOVI
234710;SINDICOVI
234711;SINDICOVI
234712;SINDICOVI
234714;SINDICOVI
234715;SINDICOVI
234719;SINDICOVI
234725;SINDICOVI
234727;SINDICOVI
234728;SINDICOVI
234730;SINDICOVI
234772;SINDICOVI
234742;SINDICOVI
234859;SINDICOVI
234865;SINDICOVI
234940;SINDICOVI
235012;SINDICOVI
235073;SINDICOVI
235076;SINDICOVI
235079;SINDICOVI
235118;SINDICOVI
235109;SINDICOVI
235166;SINDICOVI
235170;SINDICOVI
235172;SINDICOVI
235173;SINDICOVI
235174;SINDICOVI
235189;SINDICOVI
235191;SINDICOVI
235297;SINDICOVI
235512;SINDICOVI
235555;SINDICOVI
235843;SINDICOVI
235845;SINDICOVI
235846;SINDICOVI
235861;SINDICOVI
235885;SINDICOVI
235910;SINDICOVI
235938;SINDICOVI
235948;SINDICOVI
235951;SINDICOVI
235955;SINDICOVI
235956;SINDICOVI
235978;SINDICOVI
235968;SINDICOVI
236142;SINDICOVI
236166;SINDICOVI
236212;SINDICOVI
236217;SINDICOVI
236279;SINDICOVI
236351;SINDICOVI
236364;SINDICOVI
236366;SINDICOVI
236450;SINDICOVI
236474;SINDICOVI
236612;SINDICOVI
236623;SINDICOVI
236716;SINDICOVI
236720;SINDICOVI
100050;SINDIBOMBEIROS
206871;SINDIBOMBEIROS
213595;SINDIBOMBEIROS
217342;SINDIBOMBEIROS
217715;SINDIBOMBEIROS
220660;SINDIBOMBEIROS
229639;SINDIBOMBEIROS
230748;SINDIBOMBEIROS
230749;SINDIBOMBEIROS
230754;SINDIBOMBEIROS
231061;SINDIBOMBEIROS
234718;SINDIBOMBEIROS
234798;SINDIBOMBEIROS
235179;SINDIBOMBEIROS
236336;SINDIBOMBEIROS
10169;SINDIBOMBEIROS
233137;SINDIBOMBEIROS
233138;SINDIBOMBEIROS
233158;SINDIBOMBEIROS
233159;SINDIBOMBEIROS
233160;SINDIBOMBEIROS
233477;SINDIBOMBEIROS
233476;SINDIBOMBEIROS
234012;SINDIBOMBEIROS
234055;SINDIBOMBEIROS
234473;SINDIBOMBEIROS
234474;SINDIBOMBEIROS
234475;SINDIBOMBEIROS
234496;SINDIBOMBEIROS
234522;SINDIBOMBEIROS
235020;SINDIBOMBEIROS
235021;SINDIBOMBEIROS
235022;SINDIBOMBEIROS
235023;SINDIBOMBEIROS
235024;SINDIBOMBEIROS
235025;SINDIBOMBEIROS
235027;SINDIBOMBEIROS
235028;SINDIBOMBEIROS
235029;SINDIBOMBEIROS
235031;SINDIBOMBEIROS
235032;SINDIBOMBEIROS
235033;SINDIBOMBEIROS
235035;SINDIBOMBEIROS
235036;SINDIBOMBEIROS
235037;SINDIBOMBEIROS
235038;SINDIBOMBEIROS
235039;SINDIBOMBEIROS
235040;SINDIBOMBEIROS
235041;SINDIBOMBEIROS
235042;SINDIBOMBEIROS
235043;SINDIBOMBEIROS
235358;SINDIBOMBEIROS
236238;SINDIBOMBEIROS
236248;SINDIBOMBEIROS
40040;SEEAC
40049;SEEAC
40090;SEEAC
40102;SEEAC
40202;SEEAC
40246;SEEAC
40313;SEEAC
102235;SEEAC
40361;SEEAC
40397;SEEAC
40559;SEEAC
40622;SEEAC
40734;SEEAC
40735;SEEAC
40941;SEEAC
40955;SEEAC
102696;SEEAC
41096;SEEAC
41101;SEEAC
41095;SEEAC
41178;SEEAC
41334;SEEAC
41520;SEEAC
41584;SEEAC
232813;SEEAC
200845;SEEAC
201498;SEEAC
202466;SEEAC
203068;SEEAC
103086;SEEAC
204804;SEEAC
205368;SEEAC
211362;SEEAC
213246;SEEAC
214651;SEEAC
216184;SEEAC
216391;SEEAC
216807;SEEAC
216839;SEEAC
217215;SEEAC
217276;SEEAC
217277;SEEAC
217284;SEEAC
217293;SEEAC
217356;SEEAC
217361;SEEAC
217365;SEEAC
217366;SEEAC
217371;SEEAC
217409;SEEAC
217498;SEEAC
217701;SEEAC
217919;SEEAC
217946;SEEAC
217947;SEEAC
217938;SEEAC
217958;SEEAC
217973;SEEAC
217980;SEEAC
217984;SEEAC
217988;SEEAC
217994;SEEAC
218012;SEEAC
218387;SEEAC
218698;SEEAC
218915;SEEAC
218969;SEEAC
219122;SEEAC
219171;SEEAC
219338;SEEAC
219349;SEEAC
219588;SEEAC
219608;SEEAC
219728;SEEAC
219731;SEEAC
219755;SEEAC
219774;SEEAC
219811;SEEAC
219825;SEEAC
219833;SEEAC
219842;SEEAC
220075;SEEAC
220095;SEEAC
220093;SEEAC
220168;SEEAC
220254;SEEAC
220289;SEEAC
220311;SEEAC
220713;SEEAC
220720;SEEAC
220735;SEEAC
220918;SEEAC
221073;SEEAC
221091;SEEAC
221190;SEEAC
221202;SEEAC
221433;SEEAC
221493;SEEAC
221653;SEEAC
221773;SEEAC
221852;SEEAC
222259;SEEAC
222422;SEEAC
222544;SEEAC
222580;SEEAC
223044;SEEAC
223220;SEEAC
223269;SEEAC
223297;SEEAC
223298;SEEAC
223299;SEEAC
223302;SEEAC
223312;SEEAC
223342;SEEAC
223748;SEEAC
223806;SEEAC
224175;SEEAC
224389;SEEAC
224606;SEEAC
224910;SEEAC
224944;SEEAC
224956;SEEAC
225103;SEEAC
225185;SEEAC
225295;SEEAC
225515;SEEAC
225618;SEEAC
225663;SEEAC
225675;SEEAC
225815;SEEAC
225857;SEEAC
225870;SEEAC
226147;SEEAC
226152;SEEAC
226155;SEEAC
226158;SEEAC
226187;SEEAC
226189;SEEAC
226200;SEEAC
226211;SEEAC
226213;SEEAC
226219;SEEAC
226223;SEEAC
226225;SEEAC
226229;SEEAC
226289;SEEAC
226290;SEEAC
226254;SEEAC
226255;SEEAC
226313;SEEAC
226314;SEEAC
226315;SEEAC
226316;SEEAC
226318;SEEAC
226322;SEEAC
226325;SEEAC
226355;SEEAC
226358;SEEAC
226363;SEEAC
226364;SEEAC
226365;SEEAC
226368;SEEAC
226352;SEEAC
226400;SEEAC
226482;SEEAC
226545;SEEAC
226596;SEEAC
226662;SEEAC
226684;SEEAC
226827;SEEAC
226836;SEEAC
227001;SEEAC
227372;SEEAC
227374;SEEAC
227483;SEEAC
227630;SEEAC
227653;SEEAC
227652;SEEAC
227710;SEEAC
227715;SEEAC
227719;SEEAC
227725;SEEAC
227726;SEEAC
227761;SEEAC
227796;SEEAC
228135;SEEAC
228151;SEEAC
228533;SEEAC
228600;SEEAC
228687;SEEAC
228711;SEEAC
228784;SEEAC
228795;SEEAC
228801;SEEAC
228865;SEEAC
229013;SEEAC
229016;SEEAC
229017;SEEAC
229024;SEEAC
229026;SEEAC
229031;SEEAC
229030;SEEAC
229035;SEEAC
229036;SEEAC
229037;SEEAC
229039;SEEAC
229041;SEEAC
229043;SEEAC
229044;SEEAC
229045;SEEAC
229047;SEEAC
229048;SEEAC
229049;SEEAC
229050;SEEAC
229088;SEEAC
229101;SEEAC
229162;SEEAC
229170;SEEAC
229237;SEEAC
229475;SEEAC
229486;SEEAC
229487;SEEAC
229503;SEEAC
229632;SEEAC
229689;SEEAC
229669;SEEAC
229800;SEEAC
229880;SEEAC
229900;SEEAC
229903;SEEAC
230011;SEEAC
230089;SEEAC
230085;SEEAC
230295;SEEAC
230432;SEEAC
230491;SEEAC
230510;SEEAC
230540;SEEAC
230543;SEEAC
230563;SEEAC
230568;SEEAC
230573;SEEAC
230693;SEEAC
230694;SEEAC
230847;SEEAC
230935;SEEAC
230951;SEEAC
231040;SEEAC
231067;SEEAC
231121;SEEAC
231154;SEEAC
231353;SEEAC
231357;SEEAC
231398;SEEAC
231404;SEEAC
231417;SEEAC
231468;SEEAC
231473;SEEAC
231530;SEEAC
231563;SEEAC
231589;SEEAC
231667;SEEAC
231652;SEEAC
232185;SEEAC
232193;SEEAC
232195;SEEAC
232206;SEEAC
232222;SEEAC
232255;SEEAC
232330;SEEAC
232331;SEEAC
232332;SEEAC
232333;SEEAC
232334;SEEAC
232341;SEEAC
232351;SEEAC
232314;SEEAC
232319;SEEAC
232392;SEEAC
232395;SEEAC
232396;SEEAC
232397;SEEAC
232399;SEEAC
232400;SEEAC
232402;SEEAC
232403;SEEAC
232404;SEEAC
232444;SEEAC
232499;SEEAC
232539;SEEAC
232540;SEEAC
232553;SEEAC
232577;SEEAC
232542;SEEAC
232543;SEEAC
232545;SEEAC
232546;SEEAC
232552;SEEAC
232568;SEEAC
232790;SEEAC
232832;SEEAC
232845;SEEAC
232847;SEEAC
232854;SEEAC
232877;SEEAC
232902;SEEAC
232992;SEEAC
233064;SEEAC
233089;SEEAC
233090;SEEAC
233324;SEEAC
233339;SEEAC
233571;SEEAC
234285;SEEAC
234290;SEEAC
234307;SEEAC
234315;SEEAC
234416;SEEAC
234532;SEEAC
234677;SEEAC
234739;SEEAC
234750;SEEAC
234762;SEEAC
234763;SEEAC
234799;SEEAC
234829;SEEAC
234830;SEEAC
234833;SEEAC
234834;SEEAC
234835;SEEAC
234857;SEEAC
234869;SEEAC
234871;SEEAC
234874;SEEAC
234882;SEEAC
234886;SEEAC
234896;SEEAC
234926;SEEAC
234937;SEEAC
235006;SEEAC
235008;SEEAC
235019;SEEAC
235089;SEEAC
235106;SEEAC
235178;SEEAC
235193;SEEAC
235810;SEEAC
235758;SEEAC
235848;SEEAC
235849;SEEAC
235850;SEEAC
235851;SEEAC
235874;SEEAC
235890;SEEAC
235893;SEEAC
235902;SEEAC
235939;SEEAC
235941;SEEAC
235954;SEEAC
235958;SEEAC
235981;SEEAC
235980;SEEAC
236237;SEEAC
236471;SEEAC
236490;SEEAC
236491;SEEAC
236492;SEEAC
236601;SEEAC
236709;SEEAC
236807;SEEAC
60014;SIEMACO
60004;SIEMACO
60051;SIEMACO
227585;SIEMACO
229181;SIEMACO
229196;SIEMACO
229201;SIEMACO
229209;SIEMACO
229213;SIEMACO
229214;SIEMACO
229215;SIEMACO
229238;SIEMACO
229244;SIEMACO
229247;SIEMACO
229258;SIEMACO
229273;SIEMACO
229274;SIEMACO
229299;SIEMACO
229458;SIEMACO
229459;SIEMACO
229461;SIEMACO
229466;SIEMACO
229472;SIEMACO
229477;SIEMACO
229482;SIEMACO
230009;SIEMACO
230041;SIEMACO
230042;SIEMACO
230059;SIEMACO
230095;SIEMACO
230099;SIEMACO
230105;SIEMACO
230235;SIEMACO
230533;SIEMACO
230655;SIEMACO
230917;SIEMACO
230919;SIEMACO
230920;SIEMACO
230922;SIEMACO
231249;SIEMACO
231250;SIEMACO
231255;SIEMACO
231258;SIEMACO
231261;SIEMACO
231262;SIEMACO
232458;SIEMACO
232515;SIEMACO
232638;SIEMACO
232739;SIEMACO
232929;SIEMACO
232930;SIEMACO
232939;SIEMACO
233204;SIEMACO
233205;SIEMACO
233283;SIEMACO
233700;SIEMACO
233703;SIEMACO
233705;SIEMACO
234335;SIEMACO
234336;SIEMACO
234337;SIEMACO
234415;SIEMACO
234521;SIEMACO
234546;SIEMACO
234615;SIEMACO
234670;SIEMACO
234676;SIEMACO
234678;SIEMACO
234688;SIEMACO
234700;SIEMACO
234701;SIEMACO
234703;SIEMACO
234793;SIEMACO
234804;SIEMACO
234864;SIEMACO
234881;SIEMACO
235046;SIEMACO
235199;SIEMACO
236622;SIEMACO
90098;SINEEPRES
90037;SINEEPRES
103198;SINEEPRES
101737;SINEEPRES
101779;SINEEPRES
101906;SINEEPRES
102213;SINEEPRES
103699;SINEEPRES
105542;SINEEPRES
206931;SINEEPRES
207881;SINEEPRES
208576;SINEEPRES
208739;SINEEPRES
209867;SINEEPRES
210631;SINEEPRES
210772;SINEEPRES
211405;SINEEPRES
211550;SINEEPRES
211676;SINEEPRES
214752;SINEEPRES
214897;SINEEPRES
215306;SINEEPRES
216131;SINEEPRES
216276;SINEEPRES
216430;SINEEPRES
216504;SINEEPRES
216732;SINEEPRES
217089;SINEEPRES
219834;SINEEPRES
219904;SINEEPRES
220495;SINEEPRES
220507;SINEEPRES
222071;SINEEPRES
222239;SINEEPRES
223257;SINEEPRES
223870;SINEEPRES
223873;SINEEPRES
223907;SINEEPRES
223930;SINEEPRES
224426;SINEEPRES
225222;SINEEPRES
225692;SINEEPRES
225817;SINEEPRES
225835;SINEEPRES
225935;SINEEPRES
226004;SINEEPRES
226858;SINEEPRES
227045;SINEEPRES
227204;SINEEPRES
227328;SINEEPRES
227368;SINEEPRES
227479;SINEEPRES
228430;SINEEPRES
228478;SINEEPRES
228509;SINEEPRES
228542;SINEEPRES
228589;SINEEPRES
228769;SINEEPRES
229896;SINEEPRES
229898;SINEEPRES
230139;SINEEPRES
230098;SINEEPRES
230248;SINEEPRES
230792;SINEEPRES
231047;SINEEPRES
231151;SINEEPRES
231366;SINEEPRES
231678;SINEEPRES
232453;SINEEPRES
232991;SINEEPRES
233192;SINEEPRES
233413;SINEEPRES
233479;SINEEPRES
233495;SINEEPRES
233712;SINEEPRES
233801;SINEEPRES
233802;SINEEPRES
233814;SINEEPRES
233815;SINEEPRES
233816;SINEEPRES
233817;SINEEPRES
233818;SINEEPRES
233820;SINEEPRES
233821;SINEEPRES
233823;SINEEPRES
233824;SINEEPRES
233826;SINEEPRES
233827;SINEEPRES
233854;SINEEPRES
233855;SINEEPRES
233862;SINEEPRES
233863;SINEEPRES
233864;SINEEPRES
233865;SINEEPRES
233866;SINEEPRES
233867;SINEEPRES
233868;SINEEPRES
233869;SINEEPRES
233870;SINEEPRES
233871;SINEEPRES
233872;SINEEPRES
233873;SINEEPRES
233874;SINEEPRES
233875;SINEEPRES
233876;SINEEPRES
233877;SINEEPRES
233908;SINEEPRES
233913;SINEEPRES
233983;SINEEPRES
234060;SINEEPRES
234163;SINEEPRES
234190;SINEEPRES
234231;SINEEPRES
234426;SINEEPRES
235004;SINEEPRES
235134;SINEEPRES
235085;SINEEPRES
235149;SINEEPRES
235200;SINEEPRES
235315;SINEEPRES
235395;SINEEPRES
235399;SINEEPRES
235410;SINEEPRES
235420;SINEEPRES
235427;SINEEPRES
235593;SINEEPRES
235594;SINEEPRES
235610;SINEEPRES
235622;SINEEPRES
235623;SINEEPRES
235598;SINEEPRES
235607;SINEEPRES
235611;SINEEPRES
235620;SINEEPRES
235792;SINEEPRES
235802;SINEEPRES
235803;SINEEPRES
235804;SINEEPRES
235807;SINEEPRES
236370;SINEEPRES
236383;SINEEPRES
236387;SINEEPRES
236438;SINEEPRES
236439;SINEEPRES
236440;SINEEPRES
236442;SINEEPRES
236443;SINEEPRES
236493;SINEEPRES
236494;SINEEPRES
236495;SINEEPRES
236497;SINEEPRES
236498;SINEEPRES
236499;SINEEPRES
236500;SINEEPRES
236501;SINEEPRES
236503;SINEEPRES
236504;SINEEPRES
236506;SINEEPRES
236507;SINEEPRES
236508;SINEEPRES
236509;SINEEPRES
236510;SINEEPRES
236511;SINEEPRES
236512;SINEEPRES
236514;SINEEPRES
236515;SINEEPRES
236516;SINEEPRES
236517;SINEEPRES
236610;SINEEPRES
236571;SINEEPRES
236572;SINEEPRES
236573;SINEEPRES
236574;SINEEPRES
236575;SINEEPRES
236577;SINEEPRES
236578;SINEEPRES
236579;SINEEPRES
236580;SINEEPRES
236581;SINEEPRES
236582;SINEEPRES
236583;SINEEPRES
236584;SINEEPRES
236585;SINEEPRES
236586;SINEEPRES
236588;SINEEPRES
236589;SINEEPRES
236590;SINEEPRES
236591;SINEEPRES
236592;SINEEPRES
236593;SINEEPRES
236594;SINEEPRES
236595;SINEEPRES
236736;SINEEPRES
236737;SINEEPRES
236746;SINEEPRES
236747;SINEEPRES
236766;SINEEPRES
236767;SINEEPRES
236768;SINEEPRES
236769;SINEEPRES
236770;SINEEPRES
236771;SINEEPRES
236774;SINEEPRES
236795;SINEEPRES
236800;SINEEPRES
236805;SINEEPRES
236806;SINEEPRES
80327;SEMAPI
80325;SEMAPI
80371;SEMAPI
80388;SEMAPI
102554;SEMAPI
102619;SEMAPI
103630;SEMAPI
103682;SEMAPI
205281;SEMAPI
104320;SEMAPI
210396;SEMAPI
212176;SEMAPI
212346;SEMAPI
214417;SEMAPI
215005;SEMAPI
215006;SEMAPI
215029;SEMAPI
215622;SEMAPI
216872;SEMAPI
216995;SEMAPI
217678;SEMAPI
217840;SEMAPI
219378;SEMAPI
221286;SEMAPI
221705;SEMAPI
222234;SEMAPI
222683;SEMAPI
222938;SEMAPI
223917;SEMAPI
223993;SEMAPI
224106;SEMAPI
224234;SEMAPI
224238;SEMAPI
224243;SEMAPI
225112;SEMAPI
225198;SEMAPI
225659;SEMAPI
225852;SEMAPI
226554;SEMAPI
226764;SEMAPI
227691;SEMAPI
227988;SEMAPI
228602;SEMAPI
228697;SEMAPI
228775;SEMAPI
228776;SEMAPI
228833;SEMAPI
229437;SEMAPI
229786;SEMAPI
229891;SEMAPI
229931;SEMAPI
230005;SEMAPI
230100;SEMAPI
230174;SEMAPI
230518;SEMAPI
230516;SEMAPI
230532;SEMAPI
230539;SEMAPI
230775;SEMAPI
230933;SEMAPI
231021;SEMAPI
231080;SEMAPI
231453;SEMAPI
232098;SEMAPI
232099;SEMAPI
232196;SEMAPI
233016;SEMAPI
233155;SEMAPI
233648;SEMAPI
233986;SEMAPI
233992;SEMAPI
234134;SEMAPI
234199;SEMAPI
234200;SEMAPI
234233;SEMAPI
234503;SEMAPI
234517;SEMAPI
234527;SEMAPI
234651;SEMAPI
234663;SEMAPI
234787;SEMAPI
234984;SEMAPI
235081;SEMAPI
235087;SEMAPI
235197;SEMAPI
235241;SEMAPI
235242;SEMAPI
235631;SEMAPI
235813;SEMAPI
235967;SEMAPI
235974;SEMAPI
236249;SEMAPI
236338;SEMAPI
236602;SEMAPI
236699;SEMAPI
236704;SEMAPI
236753;SEMAPI
236758;SEMAPI
80044;SINDIASSEIO
80039;SINDIASSEIO
80052;SINDIASSEIO
80053;SINDIASSEIO
80057;SINDIASSEIO
80061;SINDIASSEIO
80070;SINDIASSEIO
80095;SINDIASSEIO
80071;SINDIASSEIO
80073;SINDIASSEIO
80105;SINDIASSEIO
80161;SINDIASSEIO
90293;SINDIASSEIO
202337;SINDIASSEIO
202985;SINDIASSEIO
203387;SINDIASSEIO
203386;SINDIASSEIO
203384;SINDIASSEIO
204073;SINDIASSEIO
205122;SINDIASSEIO
205915;SINDIASSEIO
207230;SINDIASSEIO
207916;SINDIASSEIO
208992;SINDIASSEIO
208999;SINDIASSEIO
209113;SINDIASSEIO
210662;SINDIASSEIO
213045;SINDIASSEIO
214632;SINDIASSEIO
214761;SINDIASSEIO
215048;SINDIASSEIO
215081;SINDIASSEIO
215484;SINDIASSEIO
215775;SINDIASSEIO
215951;SINDIASSEIO
215952;SINDIASSEIO
216413;SINDIASSEIO
217067;SINDIASSEIO
217870;SINDIASSEIO
217926;SINDIASSEIO
218396;SINDIASSEIO
218406;SINDIASSEIO
219186;SINDIASSEIO
219319;SINDIASSEIO
220601;SINDIASSEIO
221030;SINDIASSEIO
221054;SINDIASSEIO
221475;SINDIASSEIO
221485;SINDIASSEIO
221984;SINDIASSEIO
222073;SINDIASSEIO
222195;SINDIASSEIO
222970;SINDIASSEIO
222971;SINDIASSEIO
223063;SINDIASSEIO
223130;SINDIASSEIO
223131;SINDIASSEIO
223834;SINDIASSEIO
224553;SINDIASSEIO
224768;SINDIASSEIO
224836;SINDIASSEIO
225905;SINDIASSEIO
226418;SINDIASSEIO
226851;SINDIASSEIO
226866;SINDIASSEIO
227738;SINDIASSEIO
227739;SINDIASSEIO
229319;SINDIASSEIO
229797;SINDIASSEIO
230551;SINDIASSEIO
230547;SINDIASSEIO
230586;SINDIASSEIO
230869;SINDIASSEIO
231109;SINDIASSEIO
231186;SINDIASSEIO
231237;SINDIASSEIO
231265;SINDIASSEIO
231268;SINDIASSEIO
231434;SINDIASSEIO
231458;SINDIASSEIO
231573;SINDIASSEIO
232498;SINDIASSEIO
232578;SINDIASSEIO
232588;SINDIASSEIO
232688;SINDIASSEIO
232793;SINDIASSEIO
232860;SINDIASSEIO
232868;SINDIASSEIO
232903;SINDIASSEIO
233085;SINDIASSEIO
233176;SINDIASSEIO
233209;SINDIASSEIO
90005;SIEMACO
90008;SIEMACO
90031;SIEMACO
90066;SIEMACO
90115;SIEMACO
90136;SIEMACO
200000;SIEMACO
201203;SIEMACO
208006;SIEMACO
210707;SIEMACO
211583;SIEMACO
211778;SIEMACO
211912;SIEMACO
212957;SIEMACO
213276;SIEMACO
214115;SIEMACO
214592;SIEMACO
214713;SIEMACO
215038;SIEMACO
215347;SIEMACO
215407;SIEMACO
215618;SIEMACO
215695;SIEMACO
220682;SIEMACO
222618;SIEMACO
222760;SIEMACO
225201;SIEMACO
226375;SIEMACO
226731;SIEMACO
227369;SIEMACO
227370;SIEMACO
227754;SIEMACO
228710;SIEMACO
229557;SIEMACO
229977;SIEMACO
230309;SIEMACO
231227;SIEMACO
231381;SIEMACO
231495;SIEMACO
232000;SIEMACO
232215;SIEMACO
232398;SIEMACO
232520;SIEMACO
232597;SIEMACO
232821;SIEMACO
232987;SIEMACO
232988;SIEMACO
233198;SIEMACO
233280;SIEMACO
233484;SIEMACO
233593;SIEMACO
233663;SIEMACO
233980;SIEMACO
233988;SIEMACO
233991;SIEMACO
233995;SIEMACO
233999;SIEMACO
234007;SIEMACO
234120;SIEMACO
234266;SIEMACO
234340;SIEMACO
234911;SIEMACO
236193;SIEMACO
236314;SIEMACO
3108;SIEMACO
3143;SIEMACO
202201;SIEMACO
202750;SIEMACO
203105;SIEMACO
206695;SIEMACO
207178;SIEMACO
211204;SIEMACO
224022;SIEMACO
224030;SIEMACO
224616;SIEMACO
224630;SIEMACO
225350;SIEMACO
225887;SIEMACO
226280;SIEMACO
226611;SIEMACO
228451;SIEMACO
229422;SIEMACO
230318;SIEMACO
230756;SIEMACO
232096;SIEMACO
232150;SIEMACO
233133;SIEMACO
234713;SIEMACO
235157;SIEMACO
235262;SIEMACO
235287;SIEMACO
235288;SIEMACO
235344;SIEMACO
235345;SIEMACO
235347;SIEMACO
235348;SIEMACO
235349;SIEMACO
235355;SIEMACO
235359;SIEMACO
235361;SIEMACO
235364;SIEMACO
235365;SIEMACO
235431;SIEMACO
235443;SIEMACO
235476;SIEMACO
235488;SIEMACO
235491;SIEMACO
235559;SIEMACO
235568;SIEMACO
235580;SIEMACO
235646;SIEMACO
235647;SIEMACO
235649;SIEMACO
235673;SIEMACO
235684;SIEMACO
235685;SIEMACO
235687;SIEMACO
235711;SIEMACO
235714;SIEMACO
235736;SIEMACO
235746;SIEMACO
235749;SIEMACO
235768;SIEMACO
235769;SIEMACO
235879;SIEMACO
235881;SIEMACO
235975;SIEMACO
236300;SIEMACO
236388;SIEMACO
236616;SIEMACO
236726;SIEMACO
236728;SIEMACO
236792;SIEMACO
100681;SINDILIMP
213259;SINDILIMP
230350;SINDILIMP
230708;SINDILIMP
230715;SINDILIMP
230721;SINDILIMP
231275;SINDILIMP
231770;SINDILIMP
236455;SINDILIMP
236721;SINDILIMP
236757;SINDILIMP
236802;SINDILIMP
101647;SINDIASSEIO
103472;SINDIASSEIO
208935;SINDIASSEIO
211585;SINDIASSEIO
212750;SINDIASSEIO
213072;SINDIASSEIO
219250;SINDIASSEIO
220224;SINDIASSEIO
221035;SINDIASSEIO
221837;SINDIASSEIO
221990;SINDIASSEIO
221992;SINDIASSEIO
221995;SINDIASSEIO
221998;SINDIASSEIO
222001;SINDIASSEIO
222002;SINDIASSEIO
222004;SINDIASSEIO
222005;SINDIASSEIO
222014;SINDIASSEIO
222017;SINDIASSEIO
222249;SINDIASSEIO
222728;SINDIASSEIO
223053;SINDIASSEIO
224393;SINDIASSEIO
228816;SINDIASSEIO
229369;SINDIASSEIO
229550;SINDIASSEIO
230212;SINDIASSEIO
230213;SINDIASSEIO
230214;SINDIASSEIO
230225;SINDIASSEIO
230405;SINDIASSEIO
230426;SINDIASSEIO
231368;SINDIASSEIO
231717;SINDIASSEIO
231736;SINDIASSEIO
231740;SINDIASSEIO
231747;SINDIASSEIO
231751;SINDIASSEIO
231752;SINDIASSEIO
231767;SINDIASSEIO
231795;SINDIASSEIO
231822;SINDIASSEIO
231825;SINDIASSEIO
231826;SINDIASSEIO
231827;SINDIASSEIO
231948;SINDIASSEIO
231962;SINDIASSEIO
231994;SINDIASSEIO
232647;SINDIASSEIO
232648;SINDIASSEIO
232927;SINDIASSEIO
232989;SINDIASSEIO
233092;SINDIASSEIO
233098;SINDIASSEIO
233674;SINDIASSEIO
233963;SINDIASSEIO
233994;SINDIASSEIO
234493;SINDIASSEIO
234669;SINDIASSEIO
234827;SINDIASSEIO
234836;SINDIASSEIO
234925;SINDIASSEIO
235767;SINDIASSEIO
236352;SINDIASSEIO
236472;SINDIASSEIO
236620;SINDIASSEIO
236762;SINDIASSEIO
236773;SINDIASSEIO
223418;SINDILIMP
204025;SINDILIMP
105288;SINDILIMP
105762;SINDILIMP
105811;SINDILIMP
209233;SINDILIMP
210057;SINDILIMP
211075;SINDILIMP
215044;SINDILIMP
215790;SINDILIMP
215801;SINDILIMP
215868;SINDILIMP
215826;SINDILIMP
215827;SINDILIMP
215991;SINDILIMP
216351;SINDILIMP
216567;SINDILIMP
216864;SINDILIMP
218604;SINDILIMP
218634;SINDILIMP
220573;SINDILIMP
221606;SINDILIMP
222144;SINDILIMP
223427;SINDILIMP
224410;SINDILIMP
224414;SINDILIMP
224574;SINDILIMP
225288;SINDILIMP
226804;SINDILIMP
228042;SINDILIMP
229242;SINDILIMP
229682;SINDILIMP
231419;SINDILIMP
231474;SINDILIMP
231897;SINDILIMP
232373;SINDILIMP
232692;SINDILIMP
232843;SINDILIMP
234616;SINDILIMP
235066;SINDILIMP
235126;SINDILIMP
236489;SINDILIMP
102688;SINTACLUNS
211567;SINTACLUNS
213074;SINTACLUNS
214666;SINTACLUNS
214678;SINTACLUNS
216719;SINTACLUNS
218471;SINTACLUNS
220565;SINTACLUNS
221711;SINTACLUNS
221878;SINTACLUNS
224004;SINTACLUNS
224173;SINTACLUNS
225769;SINTACLUNS
227032;SINTACLUNS
227508;SINTACLUNS
227510;SINTACLUNS
227511;SINTACLUNS
227512;SINTACLUNS
227513;SINTACLUNS
227515;SINTACLUNS
229504;SINTACLUNS
229507;SINTACLUNS
229512;SINTACLUNS
231989;SINTACLUNS
232805;SINTACLUNS
234243;SINTACLUNS
234249;SINTACLUNS
236311;SINTACLUNS
236625;SINTACLUNS
236708;SINTACLUNS
236714;SINTACLUNS
236791;SINTACLUNS
102705;SINDECOMPRESTS
106065;SINDECOMPRESTS
208996;SINDECOMPRESTS
211324;SINDECOMPRESTS
211829;SINDECOMPRESTS
213510;SINDECOMPRESTS
215186;SINDECOMPRESTS
215509;SINDECOMPRESTS
215639;SINDECOMPRESTS
216319;SINDECOMPRESTS
216322;SINDECOMPRESTS
216328;SINDECOMPRESTS
216334;SINDECOMPRESTS
216402;SINDECOMPRESTS
216634;SINDECOMPRESTS
216686;SINDECOMPRESTS
216770;SINDECOMPRESTS
216880;SINDECOMPRESTS
218059;SINDECOMPRESTS
219452;SINDECOMPRESTS
219514;SINDECOMPRESTS
219537;SINDECOMPRESTS
219938;SINDECOMPRESTS
220640;SINDECOMPRESTS
221268;SINDECOMPRESTS
221523;SINDECOMPRESTS
221549;SINDECOMPRESTS
221550;SINDECOMPRESTS
221553;SINDECOMPRESTS
221559;SINDECOMPRESTS
221563;SINDECOMPRESTS
222082;SINDECOMPRESTS
222220;SINDECOMPRESTS
222237;SINDECOMPRESTS
222506;SINDECOMPRESTS
222712;SINDECOMPRESTS
222785;SINDECOMPRESTS
222787;SINDECOMPRESTS
222815;SINDECOMPRESTS
222816;SINDECOMPRESTS
222820;SINDECOMPRESTS
222824;SINDECOMPRESTS
222826;SINDECOMPRESTS
222828;SINDECOMPRESTS
222852;SINDECOMPRESTS
222855;SINDECOMPRESTS
222846;SINDECOMPRESTS
222849;SINDECOMPRESTS
223015;SINDECOMPRESTS
222998;SINDECOMPRESTS
223023;SINDECOMPRESTS
223117;SINDECOMPRESTS
223118;SINDECOMPRESTS
223243;SINDECOMPRESTS
223277;SINDECOMPRESTS
223352;SINDECOMPRESTS
223353;SINDECOMPRESTS
223355;SINDECOMPRESTS
223506;SINDECOMPRESTS
223831;SINDECOMPRESTS
223836;SINDECOMPRESTS
223840;SINDECOMPRESTS
224049;SINDECOMPRESTS
224160;SINDECOMPRESTS
224350;SINDECOMPRESTS
224354;SINDECOMPRESTS
224585;SINDECOMPRESTS
224970;SINDECOMPRESTS
224976;SINDECOMPRESTS
225140;SINDECOMPRESTS
225189;SINDECOMPRESTS
225209;SINDECOMPRESTS
225535;SINDECOMPRESTS
225536;SINDECOMPRESTS
225551;SINDECOMPRESTS
225555;SINDECOMPRESTS
225670;SINDECOMPRESTS
225691;SINDECOMPRESTS
225706;SINDECOMPRESTS
225954;SINDECOMPRESTS
225965;SINDECOMPRESTS
226667;SINDECOMPRESTS
226734;SINDECOMPRESTS
226755;SINDECOMPRESTS
227037;SINDECOMPRESTS
227239;SINDECOMPRESTS
227267;SINDECOMPRESTS
227427;SINDECOMPRESTS
227433;SINDECOMPRESTS
227448;SINDECOMPRESTS
227495;SINDECOMPRESTS
227532;SINDECOMPRESTS
227737;SINDECOMPRESTS
227764;SINDECOMPRESTS
227787;SINDECOMPRESTS
227806;SINDECOMPRESTS
227811;SINDECOMPRESTS
227812;SINDECOMPRESTS
227813;SINDECOMPRESTS
227817;SINDECOMPRESTS
227820;SINDECOMPRESTS
227821;SINDECOMPRESTS
227829;SINDECOMPRESTS
227848;SINDECOMPRESTS
228084;SINDECOMPRESTS
229315;SINDECOMPRESTS
229598;SINDECOMPRESTS
229742;SINDECOMPRESTS
229882;SINDECOMPRESTS
229940;SINDECOMPRESTS
229941;SINDECOMPRESTS
229942;SINDECOMPRESTS
229993;SINDECOMPRESTS
230035;SINDECOMPRESTS
230501;SINDECOMPRESTS
230943;SINDECOMPRESTS
231053;SINDECOMPRESTS
231232;SINDECOMPRESTS
231329;SINDECOMPRESTS
231370;SINDECOMPRESTS
231397;SINDECOMPRESTS
231643;SINDECOMPRESTS
231772;SINDECOMPRESTS
232004;SINDECOMPRESTS
232017;SINDECOMPRESTS
232021;SINDECOMPRESTS
232148;SINDECOMPRESTS
232166;SINDECOMPRESTS
232221;SINDECOMPRESTS
232390;SINDECOMPRESTS
232462;SINDECOMPRESTS
232606;SINDECOMPRESTS
232670;SINDECOMPRESTS
232935;SINDECOMPRESTS
232936;SINDECOMPRESTS
232937;SINDECOMPRESTS
233230;SINDECOMPRESTS
234484;SINDECOMPRESTS
234487;SINDECOMPRESTS
234488;SINDECOMPRESTS
234489;SINDECOMPRESTS
234492;SINDECOMPRESTS
234499;SINDECOMPRESTS
234732;SINDECOMPRESTS
234736;SINDECOMPRESTS
234737;SINDECOMPRESTS
234741;SINDECOMPRESTS
234745;SINDECOMPRESTS
234760;SINDECOMPRESTS
234847;SINDECOMPRESTS
234892;SINDECOMPRESTS
234999;SINDECOMPRESTS
235110;SINDECOMPRESTS
235771;SINDECOMPRESTS
235777;SINDECOMPRESTS
236167;SINDECOMPRESTS
236357;SINDECOMPRESTS
236359;SINDECOMPRESTS
236360;SINDECOMPRESTS
236362;SINDECOMPRESTS
236363;SINDECOMPRESTS
236365;SINDECOMPRESTS
236367;SINDECOMPRESTS
236368;SINDECOMPRESTS
236470;SINDECOMPRESTS
236628;SINDECOMPRESTS
236703;SINDECOMPRESTS
236748;SINDECOMPRESTS
104670;SINDILIMP
104671;SINDILIMP
104672;SINDILIMP
104681;SINDILIMP
104687;SINDILIMP
206114;SINDILIMP
104689;SINDILIMP
206148;SINDILIMP
206215;SINDILIMP
206219;SINDILIMP
105239;SINDILIMP
105307;SINDILIMP
106222;SINDILIMP
106229;SINDILIMP
206915;SINDILIMP
207599;SINDILIMP
207656;SINDILIMP
208306;SINDILIMP
210392;SINDILIMP
211670;SINDILIMP
212355;SINDILIMP
212743;SINDILIMP
213086;SINDILIMP
213179;SINDILIMP
214380;SINDILIMP
214900;SINDILIMP
215229;SINDILIMP
216206;SINDILIMP
216414;SINDILIMP
216661;SINDILIMP
216905;SINDILIMP
216931;SINDILIMP
221412;SINDILIMP
221880;SINDILIMP
222866;SINDILIMP
223295;SINDILIMP
224256;SINDILIMP
225566;SINDILIMP
226533;SINDILIMP
228423;SINDILIMP
228476;SINDILIMP
229594;SINDILIMP
229597;SINDILIMP
229599;SINDILIMP
229638;SINDILIMP
229672;SINDILIMP
229697;SINDILIMP
229700;SINDILIMP
229705;SINDILIMP
229712;SINDILIMP
229720;SINDILIMP
229806;SINDILIMP
229813;SINDILIMP
229817;SINDILIMP
229824;SINDILIMP
229827;SINDILIMP
229826;SINDILIMP
229833;SINDILIMP
229839;SINDILIMP
229841;SINDILIMP
229842;SINDILIMP
229843;SINDILIMP
229844;SINDILIMP
229848;SINDILIMP
229852;SINDILIMP
229854;SINDILIMP
229860;SINDILIMP
229967;SINDILIMP
230334;SINDILIMP
230525;SINDILIMP
230557;SINDILIMP
230581;SINDILIMP
230612;SINDILIMP
230617;SINDILIMP
230942;SINDILIMP
230948;SINDILIMP
231173;SINDILIMP
231603;SINDILIMP
231615;SINDILIMP
232609;SINDILIMP
232698;SINDILIMP
232913;SINDILIMP
233144;SINDILIMP
233187;SINDILIMP
233206;SINDILIMP
233310;SINDILIMP
233614;SINDILIMP
233615;SINDILIMP
233616;SINDILIMP
233618;SINDILIMP
233969;SINDILIMP
233973;SINDILIMP
233977;SINDILIMP
233984;SINDILIMP
234003;SINDILIMP
234171;SINDILIMP
234309;SINDILIMP
234316;SINDILIMP
234664;SINDILIMP
234980;SINDILIMP
234981;SINDILIMP
234983;SINDILIMP
234986;SINDILIMP
234987;SINDILIMP
234988;SINDILIMP
234989;SINDILIMP
235017;SINDILIMP
235050;SINDILIMP
235142;SINDILIMP
235143;SINDILIMP
235158;SINDILIMP
235537;SINDILIMP
104691;SINDIBOMBEIROS
104692;SINDIBOMBEIROS
104693;SINDIBOMBEIROS
207857;SINDIBOMBEIROS
209243;SINDIBOMBEIROS
217865;SINDIBOMBEIROS
234740;SINDIBOMBEIROS
208146;SINTE
224879;SINTE
226956;SINTE
229556;SINTE
236288;SINTE
209926;SCABEL
217595;SCABEL
217604;SCABEL
217605;SCABEL
217629;SCABEL
217636;SCABEL
217648;SCABEL
221410;SCABEL
224382;SCABEL
225876;SCABEL
226469;SCABEL
226473;SCABEL
227003;SCABEL
228169;SCABEL
228171;SCABEL
228174;SCABEL
228173;SCABEL
228175;SCABEL
228176;SCABEL
228177;SCABEL
228181;SCABEL
228185;SCABEL
228187;SCABEL
228188;SCABEL
228189;SCABEL
228192;SCABEL
228194;SCABEL
228195;SCABEL
233657;SCABEL
235122;SCABEL
210376;SEEAC
216994;SEEAC
229495;SEEAC
229494;SEEAC
229499;SEEAC
229501;SEEAC
229505;SEEAC
229506;SEEAC
229514;SEEAC
229522;SEEAC
229525;SEEAC
229526;SEEAC
229534;SEEAC
229563;SEEAC
229564;SEEAC
229565;SEEAC
229566;SEEAC
229567;SEEAC
229568;SEEAC
229570;SEEAC
229571;SEEAC
229573;SEEAC
229574;SEEAC
229575;SEEAC
229643;SEEAC
229645;SEEAC
229647;SEEAC
229648;SEEAC
229651;SEEAC
229654;SEEAC
229656;SEEAC
229657;SEEAC
230418;SEEAC
230419;SEEAC
230537;SEEAC
230732;SEEAC
230758;SEEAC
230884;SEEAC
230886;SEEAC
231327;SEEAC
232513;SEEAC
232595;SEEAC
232618;SEEAC
233242;SEEAC
233345;SEEAC
233395;SEEAC
236466;SEEAC
211257;SINTACLUNS
213904;SINTACLUNS
219208;SINTACLUNS
220165;SINTACLUNS
221977;SINTACLUNS
221987;SINTACLUNS
222981;SINTACLUNS
223849;SINTACLUNS
226522;SINTACLUNS
228560;SINTACLUNS
229032;SINTACLUNS
231206;SINTACLUNS
234160;SINTACLUNS
234296;SINTACLUNS
234300;SINTACLUNS
234301;SINTACLUNS
234303;SINTACLUNS
234333;SINTACLUNS
234876;SINTACLUNS
235077;SINTACLUNS
235078;SINTACLUNS
235168;SINTACLUNS
236410;SINTACLUNS
236411;SINTACLUNS
236412;SINTACLUNS
236413;SINTACLUNS
236414;SINTACLUNS
236449;SINTACLUNS
236483;SINTACLUNS
236534;SINTACLUNS
236535;SINTACLUNS
236536;SINTACLUNS
236537;SINTACLUNS
236538;SINTACLUNS
236539;SINTACLUNS
236540;SINTACLUNS
236541;SINTACLUNS
236542;SINTACLUNS
236543;SINTACLUNS
236544;SINTACLUNS
236545;SINTACLUNS
236546;SINTACLUNS
236597;SINTACLUNS
213648;SINDILIMP
213691;SINDILIMP
213701;SINDILIMP
213715;SINDILIMP
213722;SINDILIMP
219004;SINDILIMP
220676;SINDILIMP
229275;SINDILIMP
230069;SINDILIMP
230355;SINDILIMP
230357;SINDILIMP
230764;SINDILIMP
230797;SINDILIMP
230799;SINDILIMP
230804;SINDILIMP
230808;SINDILIMP
230809;SINDILIMP
230810;SINDILIMP
230827;SINDILIMP
230833;SINDILIMP
230826;SINDILIMP
230875;SINDILIMP
232323;SINDILIMP
232326;SINDILIMP
232328;SINDILIMP
232336;SINDILIMP
232608;SINDILIMP
233167;SINDILIMP
235138;SINDILIMP
235752;SINDILIMP
236468;SINDILIMP
236469;SINDILIMP
213665;SINDBOC
213698;SINDBOC
223752;SINDBOC
235140;SINDBOC
236321;SINDBOC
213825;SINTE
213827;SINTE
213829;SINTE
213830;SINTE
213834;SINTE
220889;SINTE
225584;SINTE
231666;SINTE
232137;SINTE
214394;SEACONS
214431;SEACONS
214734;SEACONS
216969;SEACONS
217017;SEACONS
222489;SEACONS
224430;SEACONS
226849;SEACONS
232100;SEACONS
234164;SEACONS
234234;SEACONS
234235;SEACONS
234258;SEACONS
234889;SEACONS
234907;SEACONS
236337;SEACONS
236378;SEACONS
215580;SINTE
215610;SINTE
216949;SINTE
216955;SINTE
217043;SINTE
218610;SINTE
220146;SINTE
220440;SINTE
222284;SINTE
222408;SINTE
222286;SINTE
222288;SINTE
222289;SINTE
223966;SINTE
224739;SINTE
226672;SINTE
226681;SINTE
230149;SINTE
230332;SINTE
230707;SINTE
231784;SINTE
232211;SINTE
232318;SINTE
232322;SINTE
232349;SINTE
232585;SINTE
232623;SINTE
232756;SINTE
232926;SINTE
232951;SINTE
232952;SINTE
234018;SINTE
234081;SINTE
234082;SINTE
234083;SINTE
234084;SINTE
234096;SINTE
234104;SINTE
234139;SINTE
234179;SINTE
234260;SINTE
234292;SINTE
234338;SINTE
234477;SINTE
234513;SINTE
234748;SINTE
234759;SINTE
234941;SINTE
235047;SINTE
235053;SINTE
235169;SINTE
235757;SINTE
236165;SINTE
236403;SINTE
236464;SINTE
236477;SINTE
215802;SINDIBOMBEIROS
228527;SINDIBOMBEIROS
215825;SINDIBOMBEIROS
216386;SINDIBOMBEIROS
217154;SINDIBOMBEIROS
221876;SINDIBOMBEIROS
224521;SINDIBOMBEIROS
227090;SINDIBOMBEIROS
229163;SINDIBOMBEIROS
230896;SINDIBOMBEIROS
231457;SINDIBOMBEIROS
233184;SINDIBOMBEIROS
233333;SINDIBOMBEIROS
234030;SINDIBOMBEIROS
234031;SINDIBOMBEIROS
234121;SINDIBOMBEIROS
234279;SINDIBOMBEIROS
216963;SINTE
216989;SINTE
217033;SINTE
222075;SINTE
222084;SINTE
226370;SINTE
226489;SINTE
227789;SINTE
229130;SINTE
231491;SINTE
232089;SINTE
234768;SINTE
234770;SINTE
236787;SINTE
216983;SINDISERVICOS
219438;SINDISERVICOS
220711;SINDISERVICOS
226996;SINDISERVICOS
228539;SINDISERVICOS
235840;SINDISERVICOS
235841;SINDISERVICOS
235859;SINDISERVICOS
235863;SINDISERVICOS
235864;SINDISERVICOS
235870;SINDISERVICOS
235887;SINDISERVICOS
235894;SINDISERVICOS
235895;SINDISERVICOS
235904;SINDISERVICOS
235908;SINDISERVICOS
235906;SINDISERVICOS
235914;SINDISERVICOS
235924;SINDISERVICOS
235925;SINDISERVICOS
235927;SINDISERVICOS
235929;SINDISERVICOS
235930;SINDISERVICOS
235933;SINDISERVICOS
235945;SINDISERVICOS
235952;SINDISERVICOS
235953;SINDISERVICOS
235960;SINDISERVICOS
235959;SINDISERVICOS
236158;SINDISERVICOS
235997;SINDISERVICOS
236218;SINDISERVICOS
217704;SINDIASSEIO
220708;SINDIASSEIO
220727;SINDIASSEIO
220744;SINDIASSEIO
220745;SINDIASSEIO
220864;SINDIASSEIO
221427;SINDIASSEIO
221435;SINDIASSEIO
222204;SINDIASSEIO
222235;SINDIASSEIO
222542;SINDIASSEIO
223826;SINDIASSEIO
224246;SINDIASSEIO
224955;SINDIASSEIO
225681;SINDIASSEIO
226419;SINDIASSEIO
226436;SINDIASSEIO
227225;SINDIASSEIO
229899;SINDIASSEIO
230258;SINDIASSEIO
231694;SINDIASSEIO
232039;SINDIASSEIO
232560;SINDIASSEIO
232871;SINDIASSEIO
233228;SINDIASSEIO
233279;SINDIASSEIO
234549;SINDIASSEIO
235805;SINDIASSEIO
236608;SINDIASSEIO
218297;FENASCON
220806;SINDILIMP
230752;SINDILIMP
232422;SINDILIMP
232424;SINDILIMP
232804;SINDILIMP
234480;SINDILIMP
235018;SINDILIMP
235219;SINDILIMP
235231;SINDILIMP
235868;SINDILIMP
235878;SINDILIMP
235892;SINDILIMP
235886;SINDILIMP
235897;SINDILIMP
235899;SINDILIMP
235905;SINDILIMP
235909;SINDILIMP
235922;SINDILIMP
235940;SINDILIMP
235944;SINDILIMP
235957;SINDILIMP
235976;SINDILIMP
235979;SINDILIMP
235990;SINDILIMP
235991;SINDILIMP
235992;SINDILIMP
236164;SINDILIMP
236268;SINDILIMP
236269;SINDILIMP
236270;SINDILIMP
236303;SINDILIMP
236313;SINDILIMP
236386;SINDILIMP
236405;SINDILIMP
236598;SINDILIMP
236715;SINDILIMP
222225;SINDILIMP
224743;SINDILIMP
224766;SINDILIMP
224773;SINDILIMP
224778;SINDILIMP
224789;SINDILIMP
224792;SINDILIMP
224802;SINDILIMP
224805;SINDILIMP
224806;SINDILIMP
224812;SINDILIMP
224818;SINDILIMP
224821;SINDILIMP
224824;SINDILIMP
224829;SINDILIMP
224831;SINDILIMP
224833;SINDILIMP
224834;SINDILIMP
224842;SINDILIMP
224855;SINDILIMP
225065;SINDILIMP
225066;SINDILIMP
225067;SINDILIMP
225089;SINDILIMP
225863;SINDILIMP
226033;SINDILIMP
226750;SINDILIMP
226778;SINDILIMP
226797;SINDILIMP
226818;SINDILIMP
227300;SINDILIMP
227399;SINDILIMP
227494;SINDILIMP
227707;SINDILIMP
227797;SINDILIMP
228020;SINDILIMP
228026;SINDILIMP
228036;SINDILIMP
228436;SINDILIMP
228474;SINDILIMP
228808;SINDILIMP
229094;SINDILIMP
229239;SINDILIMP
229240;SINDILIMP
229430;SINDILIMP
229717;SINDILIMP
229788;SINDILIMP
229917;SINDILIMP
229969;SINDILIMP
230198;SINDILIMP
230209;SINDILIMP
230241;SINDILIMP
230736;SINDILIMP
230737;SINDILIMP
230944;SINDILIMP
231152;SINDILIMP
231167;SINDILIMP
231228;SINDILIMP
231356;SINDILIMP
231360;SINDILIMP
231597;SINDILIMP
232083;SINDILIMP
232084;SINDILIMP
232354;SINDILIMP
232401;SINDILIMP
232496;SINDILIMP
232497;SINDILIMP
232535;SINDILIMP
232628;SINDILIMP
232629;SINDILIMP
232677;SINDILIMP
233028;SINDILIMP
233034;SINDILIMP
233052;SINDILIMP
233152;SINDILIMP
233161;SINDILIMP
233162;SINDILIMP
233462;SINDILIMP
233646;SINDILIMP
233684;SINDILIMP
233943;SINDILIMP
233945;SINDILIMP
233946;SINDILIMP
233947;SINDILIMP
233948;SINDILIMP
233949;SINDILIMP
233950;SINDILIMP
233952;SINDILIMP
234024;SINDILIMP
234025;SINDILIMP
234027;SINDILIMP
234093;SINDILIMP
234133;SINDILIMP
234150;SINDILIMP
234151;SINDILIMP
234186;SINDILIMP
234295;SINDILIMP
234361;SINDILIMP
234367;SINDILIMP
234368;SINDILIMP
234370;SINDILIMP
234374;SINDILIMP
234375;SINDILIMP
234380;SINDILIMP
234384;SINDILIMP
234388;SINDILIMP
234393;SINDILIMP
234398;SINDILIMP
234402;SINDILIMP
234407;SINDILIMP
234508;SINDILIMP
234538;SINDILIMP
234539;SINDILIMP
234556;SINDILIMP
234560;SINDILIMP
234561;SINDILIMP
234562;SINDILIMP
234565;SINDILIMP
234599;SINDILIMP
234621;SINDILIMP
234623;SINDILIMP
234624;SINDILIMP
234625;SINDILIMP
234627;SINDILIMP
234630;SINDILIMP
234634;SINDILIMP
234638;SINDILIMP
234724;SINDILIMP
234776;SINDILIMP
234780;SINDILIMP
234781;SINDILIMP
234782;SINDILIMP
234783;SINDILIMP
234805;SINDILIMP
234806;SINDILIMP
234808;SINDILIMP
234812;SINDILIMP
234813;SINDILIMP
234815;SINDILIMP
234824;SINDILIMP
234957;SINDILIMP
234958;SINDILIMP
234959;SINDILIMP
234962;SINDILIMP
234963;SINDILIMP
234967;SINDILIMP
234968;SINDILIMP
234970;SINDILIMP
234971;SINDILIMP
234974;SINDILIMP
234972;SINDILIMP
234975;SINDILIMP
235070;SINDILIMP
235088;SINDILIMP
235097;SINDILIMP
235102;SINDILIMP
235117;SINDILIMP
235211;SINDILIMP
235220;SINDILIMP
235223;SINDILIMP
235224;SINDILIMP
235225;SINDILIMP
235226;SINDILIMP
235240;SINDILIMP
235293;SINDILIMP
235330;SINDILIMP
235526;SINDILIMP
235756;SINDILIMP
235764;SINDILIMP
235765;SINDILIMP
235766;SINDILIMP
235787;SINDILIMP
235821;SINDILIMP
235837;SINDILIMP
235852;SINDILIMP
235853;SINDILIMP
235854;SINDILIMP
235855;SINDILIMP
235857;SINDILIMP
235858;SINDILIMP
235970;SINDILIMP
235987;SINDILIMP
236219;SINDILIMP
236221;SINDILIMP
236222;SINDILIMP
236224;SINDILIMP
236225;SINDILIMP
236226;SINDILIMP
236227;SINDILIMP
236228;SINDILIMP
236229;SINDILIMP
236230;SINDILIMP
236231;SINDILIMP
236232;SINDILIMP
236233;SINDILIMP
236234;SINDILIMP
236235;SINDILIMP
236242;SINDILIMP
236243;SINDILIMP
236244;SINDILIMP
236255;SINDILIMP
236256;SINDILIMP
236257;SINDILIMP
236258;SINDILIMP
236271;SINDILIMP
236275;SINDILIMP
236276;SINDILIMP
236277;SINDILIMP
236289;SINDILIMP
236334;SINDILIMP
236342;SINDILIMP
236343;SINDILIMP
236344;SINDILIMP
236345;SINDILIMP
236354;SINDILIMP
236355;SINDILIMP
236397;SINDILIMP
236444;SINDILIMP
236445;SINDILIMP
236446;SINDILIMP
236447;SINDILIMP
236448;SINDILIMP
236460;SINDILIMP
236461;SINDILIMP
236462;SINDILIMP
236463;SINDILIMP
236599;SINDILIMP
236600;SINDILIMP
236613;SINDILIMP
236621;SINDILIMP
236624;SINDILIMP
236626;SINDILIMP
236627;SINDILIMP
236712;SINDILIMP
236713;SINDILIMP
236750;SINDILIMP
236751;SINDILIMP
236764;SINDILIMP
236765;SINDILIMP
236781;SINDILIMP
236794;SINDILIMP
236796;SINDILIMP
236797;SINDILIMP
236798;SINDILIMP
236799;SINDILIMP
236808;SINDILIMP
222739;SEEAC
224079;SEEAC
224083;SEEAC
224088;SEEAC
224091;SEEAC
224099;SEEAC
224127;SEEAC
224421;SEEAC
224497;SEEAC
224533;SEEAC
224535;SEEAC
224554;SEEAC
224705;SEEAC
225092;SEEAC
225141;SEEAC
225187;SEEAC
225251;SEEAC
225272;SEEAC
225569;SEEAC
225636;SEEAC
225643;SEEAC
226296;SEEAC
226426;SEEAC
226521;SEEAC
226714;SEEAC
227087;SEEAC
227304;SEEAC
227645;SEEAC
227659;SEEAC
227838;SEEAC
228088;SEEAC
229173;SEEAC
229295;SEEAC
229317;SEEAC
229790;SEEAC
229952;SEEAC
230340;SEEAC
230680;SEEAC
230762;SEEAC
230784;SEEAC
231063;SEEAC
231079;SEEAC
231378;SEEAC
231577;SEEAC
231629;SEEAC
232091;SEEAC
232200;SEEAC
232633;SEEAC
232660;SEEAC
232886;SEEAC
233001;SEEAC
233002;SEEAC
233041;SEEAC
233042;SEEAC
233047;SEEAC
233269;SEEAC
234010;SEEAC
234013;SEEAC
234015;SEEAC
234723;SEEAC
235082;SEEAC
235180;SEEAC
235784;SEEAC
235971;SEEAC
236308;SEEAC
236372;SEEAC
236476;SEEAC
223263;SINDIBOMBEIROS
223517;FETHE
223532;FETHE
223786;FETHE
225520;FETHE
226771;FETHE
227146;FETHE
228633;FETHE
230422;FETHE
231038;FETHE
232216;FETHE
232643;FETHE
232780;FETHE
232784;FETHE
232896;FETHE
234058;FETHE
234563;FETHE
234683;FETHE
234850;FETHE
235146;FETHE
235201;FETHE
236376;FETHE
236377;FETHE
236398;FETHE
236777;FETHE
223874;SINDA
225197;SINDA
225941;SINDA
228545;SINDA
229305;SINDA
229627;SINDA
229768;SINDA
229921;SINDA
230279;SINDA
231363;SINDA
235194;SINDA
235982;SINDA
224011;SIEMACO 
224014;SIEMACO 
229772;SIEMACO 
232788;SIEMACO 
224988;SINETH 
224980;SINETH 
224982;SINETH 
224986;SINETH 
224998;SINETH 
225003;SINETH 
225013;SINETH 
225015;SINETH 
225014;SINETH 
225017;SINETH 
225019;SINETH 
225037;SINETH 
225038;SINETH 
225039;SINETH 
225040;SINETH 
225041;SINETH 
225042;SINETH 
226415;SINETH 
226909;SINETH 
226910;SINETH 
226911;SINETH 
226912;SINETH 
231321;SINETH 
234062;SINETH 
234094;SINETH 
234257;SINETH 
234919;SINETH 
236717;SINETH 
224985;SIEMACO
224994;SIEMACO
224997;SIEMACO
225020;SIEMACO
225031;SIEMACO
225049;SIEMACO
225050;SIEMACO
225052;SIEMACO
225073;SIEMACO
225075;SIEMACO
225077;SIEMACO
225078;SIEMACO
228732;SIEMACO
225240;SIEMACO
225471;SIEMACO
225472;SIEMACO
225576;SIEMACO
225594;SIEMACO
225986;SIEMACO
225991;SIEMACO
226075;SIEMACO
226339;SIEMACO
226342;SIEMACO
226527;SIEMACO
226702;SIEMACO
227034;SIEMACO
227160;SIEMACO
227854;SIEMACO
228581;SIEMACO
228667;SIEMACO
229345;SIEMACO
230245;SIEMACO
231511;SIEMACO
232031;SIEMACO
232603;SIEMACO
232752;SIEMACO
233069;SIEMACO
233135;SIEMACO
233233;SIEMACO
234228;SIEMACO
234785;SIEMACO
234795;SIEMACO
234838;SIEMACO
234902;SIEMACO
235217;SIEMACO
235754;SIEMACO
235998;SIEMACO
236315;SIEMACO
236322;SIEMACO
236323;SIEMACO
236358;SIEMACO
236392;SIEMACO
236393;SIEMACO
225056;SINDIASSEIO
225069;SINDIASSEIO
225070;SINDIASSEIO
225985;SINDIASSEIO
226259;SINDIASSEIO
228805;SINDIASSEIO
230463;SINDIASSEIO
235069;SINDIASSEIO
235204;SINDIASSEIO
225824;SINDILIMP
225825;SINDILIMP
225827;SINDILIMP
234313;SINDILIMP
236451;SINDILIMP
227289;SITRAM
227292;SITRAM
227123;SITRAM
227126;SITRAM
227128;SITRAM
227129;SITRAM
227130;SITRAM
227133;SITRAM
227134;SITRAM
227135;SITRAM
227136;SITRAM
227151;SITRAM
227156;SITRAM
227162;SITRAM
227163;SITRAM
227169;SITRAM
227173;SITRAM
227174;SITRAM
227176;SITRAM
227177;SITRAM
227179;SITRAM
227180;SITRAM
227182;SITRAM
227183;SITRAM
227197;SITRAM
227206;SITRAM
227207;SITRAM
227210;SITRAM
227211;SITRAM
227213;SITRAM
227214;SITRAM
227215;SITRAM
227228;SITRAM
227230;SITRAM
227234;SITRAM
227240;SITRAM
227244;SITRAM
227245;SITRAM
227251;SITRAM
227258;SITRAM
227262;SITRAM
227273;SITRAM
227324;SITRAM
227325;SITRAM
227326;SITRAM
227327;SITRAM
227401;SITRAM
227528;SITRAM
227732;SITRAM
228468;SITRAM
228698;SITRAM
228730;SITRAM
228872;SITRAM
229229;SITRAM
229208;SITRAM
229381;SITRAM
230495;SITRAM
230621;SITRAM
230641;SITRAM
231403;SITRAM
231465;SITRAM
231648;SITRAM
231649;SITRAM
231651;SITRAM
232001;SITRAM
232002;SITRAM
232511;SITRAM
232571;SITRAM
232624;SITRAM
232768;SITRAM
233129;SITRAM
233182;SITRAM
233958;SITRAM
234043;SITRAM
234050;SITRAM
234063;SITRAM
234352;SITRAM
234347;SITRAM
234348;SITRAM
234801;SITRAM
234837;SITRAM
234895;SITRAM
234901;SITRAM
234906;SITRAM
234924;SITRAM
235136;SITRAM
236173;SITRAM
236266;SITRAM
236356;SITRAM
236435;SITRAM
236436;SITRAM
236457;SITRAM
236566;SITRAM
236567;SITRAM
236568;SITRAM
236702;SITRAM
236738;SITRAM
236739;SITRAM
236740;SITRAM
236741;SITRAM
236782;SITRAM
228153;SINETUR
236130;SINETUR
236131;SINETUR
236133;SINETUR
236138;SINETUR
236139;SINETUR
236141;SINETUR
236144;SINETUR
236147;SINETUR
236149;SINETUR
236151;SINETUR
236153;SINETUR
236154;SINETUR
236156;SINETUR
228827;SIEMACO
228894;SIEMACO
228896;SIEMACO
228897;SIEMACO
228898;SIEMACO
228899;SIEMACO
228900;SIEMACO
228901;SIEMACO
228902;SIEMACO
228906;SIEMACO
228908;SIEMACO
228912;SIEMACO
228913;SIEMACO
228914;SIEMACO
228917;SIEMACO
228918;SIEMACO
228921;SIEMACO
228924;SIEMACO
228927;SIEMACO
230867;SIEMACO
231388;SIEMACO
231395;SIEMACO
231940;SIEMACO
232517;SIEMACO
232561;SIEMACO
232645;SIEMACO
232646;SIEMACO
234585;SIEMACO
234675;SIEMACO
234922;SIEMACO
234945;SIEMACO
235003;SIEMACO
235164;SIEMACO
235238;SIEMACO
235337;SIEMACO
235525;SIEMACO
235699;SIEMACO
236188;SIEMACO
236213;SIEMACO
236306;SIEMACO
236331;SIEMACO
236332;SIEMACO
236404;SIEMACO
236458;SIEMACO
236569;SIEMACO
236725;SIEMACO
236729;SIEMACO
236744;SIEMACO
236745;SIEMACO
234241;SEEAC
235838;SEEAC
235839;SEEAC
235882;SEEAC
235889;SEEAC
235901;SEEAC
235913;SEEAC
235912;SEEAC
235916;SEEAC
235919;SEEAC
235920;SEEAC
235923;SEEAC
235926;SEEAC
235928;SEEAC
235931;SEEAC
235932;SEEAC
235935;SEEAC
235934;SEEAC
235942;SEEAC
235943;SEEAC
235946;SEEAC
235947;SEEAC
235949;SEEAC
235950;SEEAC
236519;SEEAC
236520;SEEAC
236521;SEEAC
236522;SEEAC
236523;SEEAC
236524;SEEAC
236525;SEEAC
236526;SEEAC
236528;SEEAC
236529;SEEAC
236530;SEEAC
236531;SEEAC
236533;SEEAC
236629;SEEAC
236633;SEEAC
236634;SEEAC
236635;SEEAC
236636;SEEAC
236637;SEEAC
236638;SEEAC
236639;SEEAC
236640;SEEAC
236641;SEEAC
236642;SEEAC
236643;SEEAC
236644;SEEAC
236645;SEEAC
236646;SEEAC
236647;SEEAC
236648;SEEAC
236649;SEEAC
236650;SEEAC
236651;SEEAC
236652;SEEAC
236653;SEEAC
236654;SEEAC
236655;SEEAC
236656;SEEAC
236657;SEEAC
236658;SEEAC
236659;SEEAC
236660;SEEAC
236661;SEEAC
236662;SEEAC
236663;SEEAC
236664;SEEAC
236665;SEEAC
236666;SEEAC
236667;SEEAC
236668;SEEAC
236669;SEEAC
236670;SEEAC
236671;SEEAC
236672;SEEAC
236673;SEEAC
236674;SEEAC
236675;SEEAC
236676;SEEAC
236677;SEEAC
236678;SEEAC
236679;SEEAC
236680;SEEAC
236682;SEEAC
236683;SEEAC
236684;SEEAC
236685;SEEAC
236686;SEEAC
236687;SEEAC
236688;SEEAC
236689;SEEAC
236690;SEEAC
236691;SEEAC
236692;SEEAC
236693;SEEAC
236694;SEEAC
236695;SEEAC
236696;SEEAC
236697;SEEAC
236698;SEEAC
234324;SINDIASSEIO
234761;SINDIASSEIO
234791;SINDIASSEIO
235343;SIEMACO
235352;SIEMACO
236214;SINTE
236596;SINTE
